image_name,comedones,cysts,nodules,papules,pustules
2 (53).jpg,1,0,0,0,0
2 (53)1 - Copy.jpg,1,0,0,0,0
2 (53)1.jpg,1,0,0,0,0
34_jpeg_jpg.rf.0adac2e488226fb2f0f8b5758f839c62.jpg,1,0,0,0,0
34_jpeg_jpg.rf.49572e8927f4afe62232bf87651b9bbc.jpg,1,0,0,0,0
360_F_76033410_rJoKiNewoRuSzxXkALKr6bbYwl2U39Dk.jpg,1,0,0,0,0
360_F_85737201_RFt8QXLWzkiDVrKjUErqcoHliE9PAMHR.jpg,1,0,0,0,0
Acne (143).jpg,1,0,0,1,0
acne-black-spots-and-scars-on-forehead.jpg,1,0,0,0,0
acne-closed-comedo-34.jpg,1,0,0,0,0
acne-closed-comedo-38.jpg,1,0,0,0,0
acne-cystic-11.jpg,1,0,0,0,1
acne-cystic-13.jpg,1,0,0,0,1
acne-open-comedo-1.jpg,1,0,0,0,0
acne-open-comedo-14.jpg,1,0,0,0,0
acne-open-comedo-15.jpg,1,0,0,0,0
acne-open-comedo-16.jpg,1,0,0,0,0
acne-open-comedo-2.jpg,1,0,0,0,0
acne-open-comedo-21.jpg,1,0,0,0,0
acne-open-comedo-22.jpg,1,0,0,0,0
acne-open-comedo-23.jpg,1,0,0,0,0
acne-open-comedo-24.jpg,1,0,0,0,0
acne-open-comedo-32.jpg,1,0,0,0,1
acne-open-comedo-33.jpg,1,0,0,0,0
acne-open-comedo-34.jpg,1,0,0,0,0
acne-open-comedo-40.jpg,1,0,0,0,1
acne-open-comedo-43.jpg,1,0,0,0,0
acne-open-comedo-5.jpg,1,0,0,0,0
acne-open-comedo-50.jpg,1,0,0,0,1
acne-open-comedo-51.jpg,1,0,0,0,1
acne-open-comedo-53.jpg,1,0,0,0,0
acne-open-comedo-58.jpg,1,0,0,0,0
acne-open-comedo-61.jpg,1,0,0,0,0
acne-open-comedo-63.jpg,1,0,0,0,0
acne-open-comedo-64.jpg,1,0,0,0,0
acne-open-comedo-66.jpg,1,0,0,0,0
acne-open-comedo-68.jpg,1,0,0,0,0
acne-open-comedo-69.jpg,1,0,0,0,0
acne-open-comedo-70.jpg,1,0,0,0,0
acne-open-comedo-71.jpg,1,0,0,0,0
acne-open-comedo-72.jpg,1,0,0,0,0
acne-pustular-10.jpg,1,0,0,0,1
acne-pustular-13.jpg,1,0,0,0,1
acne-pustular-14.jpg,1,0,0,0,1
acne-pustular-35.jpg,1,0,0,1,1
acne-pustular-46.jpg,1,0,0,0,1
acne-pustular-48.jpg,1,0,0,0,1
acne-pustular-49.jpg,1,0,0,0,1
acne-pustular-54.jpg,1,0,0,0,1
acne-pustular-59.jpg,1,0,0,0,1
acne-pustular-6.jpg,1,0,0,0,1
acne-pustular-65.jpg,1,0,0,0,1
acne-pustular-8.jpg,1,0,0,0,1
acne-pustular-9.jpg,1,0,0,0,1
acne-scar-5.jpg,1,0,0,0,0
acne4__ProtectWyJQcm90ZWN0Il0_FocusFillWzI5NCwyMjIsIngiLDFd.jpg,1,0,0,0,1
acne_0001_10731602084e470e78b7dfe-21.jpg,1,0,0,1,1
acne_conglobata_--261-_jpg.rf.bb591bcd278f4631ff953179e3511bc7.jpg,1,0,0,1,1
Acne_vulgaris_on_a_very_oily_skin.jpg,1,0,0,0,1
blackheads-j-300x183.jpg,1,0,0,0,0
blackheads-on-nose-closeup-260nw-1123444064.jpg,1,0,0,0,0
blackheads-on-skin-closeup-260nw-1146837959.jpg,1,0,0,0,0
blackhead_122_jpg.rf.bf1adab37da1a84134d60a034827d48c.jpg,1,0,0,0,0
blackhead_202_jpg.rf.193791d6ed06a2e0f27e5d37f6aa2682.jpg,1,0,0,0,0
blackhead_22_jpg.rf.8d66c35ee98b21693092e007511f1658.jpg,1,0,0,0,0
blackhead_242_jpg.rf.16c7f756632874844f57d1852aff3a8b.jpg,1,0,0,0,0
blackhead_266_jpg.rf.9670469a23447aeeea282d3e97829c85.jpg,1,0,0,0,0
blackhead_270_jpg.rf.bfd47271b441aae60e5b6b9794b26389.jpg,1,0,0,0,0
blackhead_546_jpg.rf.9dca30f5fd77408946670747f43fc2e0.jpg,1,0,0,0,0
blackhead_548_jpg.rf.421194aae7a0c0617a6441950a472e81.jpg,1,0,0,0,0
blackhead_554_jpg.rf.8a3fefe5d7d934336263d2950ac06ef6.jpg,1,0,0,0,0
blackhead_602_jpg.rf.6775bbaa944d1a7cafb5d41b32d1ad6d.jpg,1,0,0,0,0
blackhead_616_jpg.rf.ad86f18a7cfb831eeadc093251e6819c.jpg,1,0,0,0,0
blackhead_70_jpg.rf.f9d78857fa68d7f3ab761e1eed798527.jpg,1,0,0,0,0
blackhead_79_jpg.rf.1a441fc8fa89a8b17b1d416d46f6c5e7.jpg,1,0,0,0,0
cdcc (12).jpg,1,0,0,0,0
cdcc (13).jpg,1,0,0,0,0
cdcc (16).jpg,1,0,0,0,0
cdcc (23).jpg,1,0,0,0,0
cdcc (27).jpg,1,0,0,0,0
cdcc (28).jpg,1,0,0,0,0
cdcc (30).jpg,1,0,0,0,0
cdcc (32).jpg,1,0,0,0,0
cdcc (35).jpg,1,0,0,0,0
cdcc (38).jpg,1,0,0,0,0
cdcc (4).jpg,1,0,0,0,0
cdcc (46).jpg,1,0,0,0,0
cdcc (47).jpg,1,0,0,0,0
cdcc (5).jpg,1,0,0,0,0
cdcc (6).jpg,1,0,0,0,0
cdcc (71).jpg,1,0,0,0,0
cdcc (72).jpg,1,0,0,0,0
cdcc (75).jpg,1,0,0,0,0
cdcc (79).jpg,1,0,0,0,0
cdcc (80).jpg,1,0,0,0,0
cdcc (9).jpg,1,0,0,0,0
cdccdcd (314).jpg,1,0,0,0,0
cdcddcd (101).jpg,1,0,0,0,0
cdcddcd (104).jpg,1,0,0,0,0
cdcddcd (105).jpg,1,0,0,0,0
cdcddcd (125).jpg,1,0,0,0,0
cdcddcd (126).jpg,1,0,0,0,0
cdcddcd (127).jpg,1,0,0,0,0
cdcddcd (128).jpg,1,0,0,0,0
cdcddcd (129).jpg,1,0,0,0,0
cdcddcd (133).jpg,1,0,0,0,0
cdcddcd (142).jpg,1,0,0,0,0
cdcddcd (172).jpg,1,0,0,0,0
cdcddcd (173).jpg,1,0,0,0,0
cdcddcd (192).jpg,1,0,0,0,0
cdcddcd (193).jpg,1,0,0,0,0
cdcddcd (194).jpg,1,0,0,0,0
cdcddcd (197).jpg,1,0,0,0,0
cdcddcd (199).jpg,1,0,0,0,0
cdcddcd (200).jpg,1,0,0,0,0
cdcddcd (202).jpg,1,0,0,0,0
cdcddcd (217).jpg,1,0,0,0,0
cdcddcd (221).jpg,1,0,0,0,0
cdcddcd (230).jpg,1,0,0,0,0
cdcddcd (235).jpg,1,0,0,0,0
cdcddcd (239).jpg,1,0,0,0,0
cdcddcd (241).jpg,1,0,0,0,0
cdcddcd (244).jpg,1,0,0,0,0
cdcddcd (246).jpg,1,0,0,0,0
cdcddcd (288).jpg,1,0,0,0,0
cdcddcd (289).jpg,1,0,0,0,0
cdcddcd (291).jpg,1,0,0,0,0
cdcddcd (292).jpg,1,0,0,0,0
cdcddcd (293).jpg,1,0,0,0,0
cdcddcd (324).jpg,1,0,0,0,0
cdcddcd (325).jpg,1,0,0,0,0
cdcddcd (327).jpg,1,0,0,0,0
cdcddcd (328).jpg,1,0,0,0,0
cdcddcd (337).jpg,1,0,0,0,0
cdcddcd (86).jpg,1,0,0,0,0
cdcddcd (87).jpg,1,0,0,0,0
cdcddcd (88).jpg,1,0,0,0,0
cdcddcd (89).jpg,1,0,0,0,0
cdcddcd (94).jpg,1,0,0,0,0
cdcddcd (95).jpg,1,0,0,0,0
cdcddcd (97).jpg,1,0,0,0,0
close-up-nodular-cystic-acne-skin-JGFHD6-transformed.jpeg,1,0,0,1,0
de_Carvalho_Quiz.JPG.jpg,1,0,0,0,0
eaf6877939cdcfb5675eb1950de61364.png,1,1,0,0,0
fvfvvfvf (10).jpg,1,0,0,0,0
fvfvvfvf (11).jpg,1,0,0,0,0
fvfvvfvf (128).jpg,1,0,0,0,0
fvfvvfvf (130).jpg,1,0,0,0,0
fvfvvfvf (131).jpg,1,0,0,0,0
fvfvvfvf (132).jpg,1,0,0,0,0
fvfvvfvf (148).jpg,1,0,0,0,0
fvfvvfvf (149).jpg,1,0,0,0,0
fvfvvfvf (151).jpg,1,0,0,0,0
fvfvvfvf (152).jpg,1,0,0,0,0
fvfvvfvf (159).jpg,1,0,0,0,0
fvfvvfvf (16).jpg,1,0,0,0,0
fvfvvfvf (160).jpg,1,0,0,0,0
fvfvvfvf (161).jpg,1,0,0,0,0
fvfvvfvf (162).jpg,1,0,0,0,0
fvfvvfvf (163).jpg,1,0,0,0,0
fvfvvfvf (164).jpg,1,0,0,0,0
fvfvvfvf (165).jpg,1,0,0,0,0
fvfvvfvf (167).jpg,1,0,0,0,0
fvfvvfvf (168).jpg,1,0,0,0,0
fvfvvfvf (17).jpg,1,0,0,0,0
fvfvvfvf (178).jpg,1,0,0,0,0
fvfvvfvf (180).jpg,1,0,0,0,0
fvfvvfvf (21).jpg,1,0,0,0,0
fvfvvfvf (215).jpg,1,0,0,0,0
fvfvvfvf (222).jpg,1,0,0,0,0
fvfvvfvf (223).jpg,1,0,0,0,0
fvfvvfvf (239).jpg,1,0,0,0,0
fvfvvfvf (24).jpg,1,0,0,0,0
fvfvvfvf (240).jpg,1,0,0,0,0
fvfvvfvf (242).jpg,1,0,0,0,0
fvfvvfvf (243).jpg,1,0,0,0,0
fvfvvfvf (244).jpg,1,0,0,0,0
fvfvvfvf (245).jpg,1,0,0,0,0
fvfvvfvf (247).jpg,1,0,0,0,0
fvfvvfvf (248).jpg,1,0,0,0,0
fvfvvfvf (25).jpg,1,0,0,0,0
fvfvvfvf (250).jpg,1,0,0,0,0
fvfvvfvf (254).jpg,1,0,0,0,0
fvfvvfvf (255).jpg,1,0,0,0,0
fvfvvfvf (257).jpg,1,0,0,0,0
fvfvvfvf (259).jpg,1,0,0,0,0
fvfvvfvf (260).jpg,1,0,0,0,0
fvfvvfvf (261).jpg,1,0,0,0,0
fvfvvfvf (263).jpg,1,0,0,1,0
fvfvvfvf (265).jpg,1,0,0,1,0
fvfvvfvf (268).jpg,1,0,0,0,0
fvfvvfvf (269).jpg,1,0,0,0,0
fvfvvfvf (275).jpg,1,0,0,0,0
fvfvvfvf (278).jpg,1,0,0,0,0
fvfvvfvf (279).jpg,1,0,0,0,0
fvfvvfvf (280).jpg,1,0,0,0,0
fvfvvfvf (281).jpg,1,0,0,0,0
fvfvvfvf (31).jpg,1,0,0,0,0
fvfvvfvf (32).jpg,1,0,0,0,0
fvfvvfvf (34).jpg,1,0,0,0,0
fvfvvfvf (35).jpg,1,0,0,0,0
fvfvvfvf (379).jpg,1,0,0,0,0
fvfvvfvf (38).jpg,1,0,0,0,0
fvfvvfvf (380).jpg,1,0,0,0,0
fvfvvfvf (393).jpg,1,0,0,0,0
fvfvvfvf (397).jpg,1,0,0,0,0
fvfvvfvf (400).jpg,1,0,0,0,0
fvfvvfvf (403).jpg,1,0,0,0,0
fvfvvfvf (405).jpg,1,0,0,0,0
fvfvvfvf (41).jpg,1,0,0,0,0
fvfvvfvf (43).jpg,1,0,0,0,0
fvfvvfvf (72).jpg,1,0,0,0,0
fvfvvfvf (73).jpg,1,0,0,0,0
fvfvvfvf (77).jpg,1,0,0,0,0
fvfvvfvf (80).jpg,1,0,0,1,0
fvfvvfvf (84).jpg,1,0,0,0,0
fvfvvfvf (88).jpg,1,0,0,0,0
fvfvvfvf (89).jpg,1,0,0,0,0
fvfvvfvf (9).jpg,1,0,0,0,0
How_to_Figure_Out_What_Type_of_Acne_You_Have_SLMD_f.jpg,1,0,0,0,0
image10.jpeg,1,0,0,0,0
image25.jpeg,1,0,0,0,1
IMG_2078_JPG.rf.a280dfa990f0c6700e5600b83e1a84bf.jpg,1,0,0,0,0
IMG_2079_JPG.rf.c23d27691d97548c46e9c377bfc8cfd1.jpg,1,0,0,0,0
IMG_2080_JPG.rf.8c407135f2ecd20d82bc36364f583bb0.jpg,1,0,0,0,0
IMG_2081_JPG.rf.40c98e361eac21f0bf144f73f215dc57.jpg,1,0,0,0,0
IMG_2082_JPG.rf.4c37a0ff7b494ade854a45aec2273735.jpg,1,0,0,0,0
IMG_2083_JPG.rf.ef15093bc674254558bc3788f8540a30.jpg,1,0,0,0,0
IMG_2088_JPG.rf.6a93a7426fd6430139ca5dad612b577a.jpg,1,0,0,0,0
IMG_2089_JPG.rf.9fb1c6d13110ccbb85b9f289e837baf2.jpg,1,0,0,0,0
IMG_2090_JPG.rf.c91d83e0785fe303501f7dd665c74385.jpg,1,0,0,0,0
IMG_2093_JPG.rf.79da6c5d40f42309ac6cf3c8377def07.jpg,1,0,0,0,0
IMG_2095_JPG.rf.19b47ad0beebcdd40639149791a79187.jpg,1,0,0,0,0
IMG_2099_JPG.rf.d5db03fdbb81fb7ef191991c8ddda083.jpg,1,0,0,0,0
IMG_2100_JPG.rf.29d9c1f81021dc9de7913371b82552b4.jpg,1,0,0,0,0
IMG_2101_JPG.rf.09818426370aa24b8a5be039a807e779.jpg,1,0,0,0,0
IMG_2103_JPG.rf.84d4af942909457d519539ef32f56cc4.jpg,1,0,0,0,0
IMG_2106_JPG.rf.3803917d6a45de95e74a7e6f54075848.jpg,1,0,0,0,0
IMG_2107_JPG.rf.89058936c5b548de465f0b14f73ea2a3.jpg,1,0,0,0,0
IMG_2116_JPG.rf.f82245287686f04159839971765ebbf6.jpg,1,0,0,0,0
IMG_2120_JPG.rf.23489d59a0a0910dcdd6da7ffc6e02ba.jpg,1,0,0,0,0
IMG_2134_JPG.rf.fb8ea2ff7997097c5cb306d42d3a11ac.jpg,1,0,0,0,0
IMG_2135_JPG.rf.a89bddf375d5a4362b660832aac2c8a1.jpg,1,0,0,0,0
IMG_2136_JPG.rf.c5a2f041aae5ba3e05ae96593f259998.jpg,1,0,0,0,0
IMG_2150_PNG.rf.19d8cbfa17349246fff362507f62ed4c.jpg,1,0,0,0,0
IMG_2152_PNG.rf.680c6e6d93f0e1cf01537dfe451afb30.jpg,1,0,0,0,0
IMG_3134_JPG.rf.86e3d9fb7b4c47468beaadf7038a2a3a.jpg,1,0,0,0,1
IMG_3154_JPG.rf.bb3231ff5e1a697533fc20f2b8cb755c.jpg,1,0,0,0,1
IMG_3164_JPG.rf.a3883051ce9b5b50aeb2dea1351e6955.jpg,1,0,0,0,1
IMG_3183_JPG.rf.5457a5ec92c77512805ab6ea4c569bd7.jpg,1,0,0,1,1
IMG_3185_JPG.rf.3282f0c20cf35a26503203742da9f169.jpg,1,0,0,0,1
istockphoto-849986310-170667a.jpg,1,0,0,0,1
milium_--209-_jpg.rf.69eb03ff89fb8df5aa4a1ca5dbad95bb.jpg,1,0,0,0,1
milium_--286-_jpg.rf.f1539cb1c3c6a0cd402a4a0de2c9b729.jpg,1,0,0,0,0
milium_--292-_jpg.rf.d52b4e259e9b1f262a6a8e026bf67834.jpg,1,0,0,0,0
milium_--598-_jpg.rf.cb10c51288500657358b5f64c20a55dd.jpg,1,0,0,0,0
milium_--607-_jpg.rf.8111258cc9bed4a1d3ff6939e834ebdc.jpg,1,0,0,0,0
milium_--634-_jpg.rf.2ca2adab9657a05a372f46750446cdcd.jpg,1,0,0,0,0
milium_--691-_jpg.rf.8367a6baba30a6443fac6130f2de8330.jpg,1,0,0,0,0
Nodular-Acne-What-is-it-How-to-Treat-It_9.jpg,1,0,0,1,1
papular_acne_--27-_jpg.rf.5f4773dbfe4e64b6cbb50f088aed11b0.jpg,1,0,0,1,1
pimple-blackheads-on-face-asian-260nw-241995097.jpg,1,0,0,0,0
pustular_acne_--289-_jpg.rf.ecc5d3726aa61637b82e141341bfac55.jpg,1,0,0,0,1
Screenshot_11_jpg.rf.e374ded2be3f6cca4abc1a81b36817b0.jpg,1,0,0,0,0
Screenshot_14_jpg.rf.f5a749dae4d6b9efe3b92a9ea582623e.jpg,1,0,0,0,0
Screenshot_20240125_053955_YouTube_jpg.rf.6f1f078858a64f474e803c34d21e91ac.jpg,1,0,0,0,0
Screenshot_20240125_054116_YouTube_jpg.rf.ff8f321214af174baf623706675975f7.jpg,1,0,0,0,0
Screenshot_20240125_054248_YouTube_jpg.rf.807da56856c5a33a1dabf142b990a9c0.jpg,1,0,0,0,0
Screenshot_3_jpg.rf.4053d373448fabd719bbb63570b727c7.jpg,1,0,0,0,0
scscscs (50).jpg,1,0,0,0,0
Types-of-Acne-Comodonal-Acne-Cystic-and-Nodular-Acne-Inflammatory-Acne.jpg,1,0,0,0,0
Untitled-design--17-_11zon.jpg,1,0,0,0,0
white_head_--11-_jpg.rf.1988f5faf5dd4ef32150ea0a0a688ba1.jpg,1,0,0,0,0
white_head_--14-_jpg.rf.e7949140288dee52abaa5fb5749e25ca.jpg,1,0,0,0,0
white_head_--15-_jpg.rf.afdf02151b8c9a0c6dd17c9ddd45333e.jpg,1,0,0,0,0
white_head_--16-_jpg.rf.aaf34a81e8e15899fb504ff8561dbbe8.jpg,1,0,0,0,0
white_head_--17-_jpg.rf.484a3c7ca909cda8af1369fdd2288326.jpg,1,0,0,0,0
white_head_--4-_jpg.rf.2c5e1dc7d13bda782a640b74eae5e249.jpg,1,0,0,0,0
white_head_--5-_jpg.rf.7037d111b21490977c6338b8970e8488.jpg,1,0,0,1,0
white_head_--8-_jpg.rf.47e8f08ffcbce98c2bb1118dbdf0f7a8.jpg,1,0,0,0,0
_10_11zon.jpg,1,0,0,0,0
_11_11zon.jpg,1,0,0,0,0
_16_11zon.jpg,1,0,0,0,0
_1_11zon.jpg,1,0,0,0,0
_20_11zon.jpg,1,0,0,0,0
_22_11zon.jpg,1,0,0,0,0
_27_11zon.jpg,1,0,0,0,0
_32_11zon.jpg,1,0,0,0,0
_37_11zon.jpg,1,0,0,0,0
_38_11zon.jpg,1,0,0,0,0
_39_11zon.jpg,1,0,0,0,0
_48_11zon.jpg,1,0,0,0,0
_52_11zon.jpg,1,0,0,0,0
_6_11zon.jpg,1,0,0,0,0
1.png,0,1,1,0,1
11.jpeg,0,1,1,0,0
2 (3)1.jpg,0,1,1,0,0
2 (5).jpg,0,1,0,0,0
2 (5)1.jpg,0,1,0,0,0
2 (6).jpg,0,1,0,0,0
2 (6)1.jpg,0,1,0,0,0
2-Figure1-1.png,0,1,0,0,1
22_jpg.rf.684945b6131035df294f3abc63e884c9.jpg,0,1,0,0,0
2356.jpg,0,1,0,1,1
278_acne_slide_17_springer_high.jpg,0,1,0,0,1
3-_jpg.rf.afa61781f4e073c745ec0eb2deb6d4a5.jpg,0,1,0,0,1
32212176-8650569-image-a-10_1598002142635.jpg,0,1,0,1,1
32212176-8650569-image-a-10_15980021426351.jpg,0,1,0,1,1
32212176-8650569-image-a-10_159800214263511.jpg,0,1,0,1,1
32212176-8650569-image-a-10_1598002142635111 - Copy.jpg,0,1,0,1,1
32212176-8650569-image-a-10_1598002142635111.jpg,0,1,0,1,1
362f516bc2be4f01904fb2950eb700f4.png,0,1,1,0,1
362f516bc2be4f01904fb2950eb700f41.png,0,1,1,0,1
362f516bc2be4f01904fb2950eb700f411.png,0,1,1,0,1
48.jpg,0,1,0,0,0
53.jpg,0,1,1,0,1
54a279bcec5a872af278da1d9a9f7337--clear-skin-acne.jpg,0,1,0,0,1
54a279bcec5a872af278da1d9a9f7337--clear-skin-acne1 - Copy.jpg,0,1,0,0,1
54a279bcec5a872af278da1d9a9f7337--clear-skin-acne1.jpg,0,1,0,0,1
5b5029d077a7a1ae6d65404a15e07580.jpg,0,1,0,0,1
a-photograph-of-inflammatory-or-mixed-acne-in-a-male-subject-showing-ARCRX6-transformed.jpeg,0,1,0,0,0
abscess-or-nodular-acne-in-face-of-asian-burmese-male-patient-2GMFAH6.jpg,0,1,0,0,0
Acne (30).jpg,0,1,0,0,0
acne-and-skin-problem-2023-11-27-04-52-59-utc-min_600x.png,0,1,1,0,0
acne-conglobata-1.jpg,0,1,0,0,0
Acne-Conglobata.jpg,0,1,0,0,0
Acne-cyst-1-150x150.jpg,0,1,0,0,0
acne-cystic-143.jpg,0,1,0,1,0
acne-cystic-145.jpg,0,1,0,0,0
acne-cystic-29.jpg,0,1,0,0,0
acne-cystic-31.jpg,0,1,0,0,0
acne-cystic-34.jpg,0,1,0,0,1
acne-cystic-42.jpg,0,1,0,0,0
acne-cystic-86.jpg,0,1,0,0,1
acne-cystic-93.jpg,0,1,0,0,0
acne-pustular-21.jpg,0,1,0,0,1
acne-pustular-22.jpg,0,1,0,0,1
acne-pustular-28.jpg,0,1,0,0,0
acne-pustular-62.jpg,0,1,0,1,1
acne-pustulesandpapules-1593x2048.jpg,0,1,0,0,1
acne-vulgaris-conglobata_jpg.rf.72acc8011bde081ea4bdda060551bddf.jpg,0,1,0,0,0
acne5.png,0,1,0,1,0
acneVulgaris_51059_lg.png,0,1,0,1,1
acne_conglobata_--102-_jpg.rf.60cb9d2aab486cfd0db44eee43beefa7.jpg,0,1,0,0,0
acne_conglobata_--106-_jpg.rf.77dad07a5a665a6e97d615607cbe57e1.jpg,0,1,0,0,0
acne_conglobata_--162-_jpg.rf.4c7a6e3450b29fd02805e0e23ca20634.jpg,0,1,0,1,0
acne_conglobata_--165-_jpg.rf.8231db29caa3843d9d2d2d0fbf17866d.jpg,0,1,0,0,0
acne_conglobata_--256-_jpg.rf.17f6e278aba07d9cda4a4fdc911a5d4a.jpg,0,1,0,0,0
acne_treatment_kaliterna1 - Copy.jpg,0,1,0,0,0
acne_treatment_kaliterna1.jpg,0,1,0,0,0
acne_treatment_kaliterna11 - Copy.jpg,0,1,0,0,0
acne_treatment_kaliterna11.jpg,0,1,0,0,0
acne_vulgaris1.jpg,0,1,0,1,1
carbuncle-nodular-acne-face-carbuncle-nodular-acne-face-asian-burmese-male-patient-261587464.jpg,0,1,0,0,0
close-photo-nodular-cystic-acne-260nw-373412347.jpg,0,1,0,0,0
coj7k6re1f021.png,0,1,1,1,0
crystalline_acne_--133-_jpg.rf.36b5d45d90cddddf5abb3245430025af.jpg,0,1,1,0,0
crystalline_acne_--217-_jpg.rf.344cc8f7f8a7746071a1b4fd6224e811.jpg,0,1,0,0,1
crystalline_acne_--6-_jpg.rf.e0a5509334a3e8f6c4a46790a07df1e5.jpg,0,1,0,0,0
crystalline_acne_--9-_jpg.rf.3f6dea1633ba5dbb296e0a3030bf4971.jpg,0,1,1,1,0
crystalline_acne_--90-_jpg.rf.1cf6d728a354e4252c65f0cb52b6f7b2.jpg,0,1,0,1,1
cystic-acne-nodular-acne-1.jpg,0,1,0,0,0
cystic-acne-syndrome.png,0,1,0,1,1
cystic-acne-treatment-facial-skin-problem-acne-disease-in-adult-close-up-woman-face-with.jpg,0,1,0,0,0
Cystic-Acne-Treatment_Pimple-under-the-Skin_image-1.jpg,0,1,0,0,1
Cystic_Acne.jpg,0,1,0,0,1
cystic_acne_--136-_jpg.rf.9fc2020579aa71686d5e628b37b75aa6.jpg,0,1,0,0,0
cystic_acne_--149-_jpg.rf.4fbce96c083ae06ab55d1063b5f082f3.jpg,0,1,0,1,1
cystic_acne_--149-_jpg.rf.795d29f8e226b94f7d9aa900d107a9f4.jpg,0,1,0,1,1
cystic_acne_--168-_jpg.rf.55e6405de29f049ecdb7a31d9d6bec0d.jpg,0,1,0,0,0
cystic_acne_--168-_jpg.rf.66d5d9624216324fff1278283aeef5de.jpg,0,1,0,0,0
cystic_acne_--181-_jpg.rf.adc402926346ac6e94cdb8826e30719c.jpg,0,1,1,0,0
cystic_acne_--25-_jpg.rf.5fdd7ee0cfeac7a89ba0c92031950a91.jpg,0,1,0,0,0
cystic_acne_--25-_jpg.rf.a98c57818ebea1059989e0126148d8e6.jpg,0,1,1,1,0
cystic_acne_--4-_jpg.rf.c938f8b38ff88e4cfd15552e5c446e31.jpg,0,1,0,1,0
cystic_acne_--43-_jpg.rf.1ebd63cfa0634d1f13243713d0979004.jpg,0,1,0,0,0
cystic_acne_--43-_jpg.rf.fcb17a03f91262ff9c123449d1bc4f52.jpg,0,1,0,0,0
cystic_acne_--5-_jpg.rf.b8fdc5a71281f5ad928b5932a5c95f23.jpg,0,1,0,1,1
cystic_acne_--6-_jpg.rf.679f1a9958471d2fb1a8a3130aa78e25.jpg,0,1,0,0,1
cystic_acne_--6-_jpg.rf.75605a1fb51676d97ce4174a60866e21.jpg,0,1,0,0,1
cystic_acne_--68-_jpg.rf.4c8ad4834275769763223a9d2fda8e57.jpg,0,1,1,0,0
cystic_acne_--68-_jpg.rf.7f3ddca4e3f6e2dce72385992ea3d391.jpg,0,1,1,0,0
cystic_acne_--84-_jpg.rf.5ee8b528ab9c57a46876f23273b0cb71.jpg,0,1,1,1,1
cystic_acne_--84-_jpg.rf.ec883c1c4b1d10995c3339f13f67fda8.jpg,0,1,1,1,1
desktop.ini,0,1,1,1,1
Evidence-Based_134bf7a7-4f0e-4c73-b406-3b7dd4d795ce_1024x400.jpg,0,1,0,0,0
fig1.png,0,1,0,0,0
Foliculitis_--356-_jpg.rf.667448581f05fc18027af8ed74ef5f58.jpg,0,1,0,0,0
image8.jpeg,0,1,1,0,0
images (1).jpeg,0,1,0,0,0
images (2).jpeg,0,1,1,0,0
images30.jpg,0,1,1,0,1
images5.jpg,0,1,1,0,1
images69.jpg,0,1,0,0,0
IMG_2145-1.jpg,0,1,0,1,1
IMG_3131_JPG.rf.c46b9d5ee1922367d156ef970ac4d435.jpg,0,1,0,0,1
IMG_3150_JPG.rf.fa8b1506157ae6d530a5bad45278e7a4.jpg,0,1,0,0,1
levle2_169_jpg.rf.89ce237627a74e47715eaf2263f6a438.jpg,0,1,1,1,0
levle2_69_jpg.rf.328e1904709a5f6976634e7301337d66.jpg,0,1,0,1,0
levle3_102_jpg.rf.a330aa113b5f0ca4b863ae04db79903a.jpg,0,1,1,0,1
levle3_49_jpg.rf.091dce295dc068c873eef80257330b16.jpg,0,1,1,0,0
levle3_71_jpg.rf.5a72b468b86174d50ba2bc2a3215c954.jpg,0,1,0,0,1
levle3_71_jpg.rf.de38400e79806f7756e1c25f6ba57371.jpg,0,1,0,0,1
mixUp.jpeg,0,1,1,0,0
nodular-cystic-acne-skin.jpg,0,1,0,1,1
pimple-on-face-260nw-671013178.jpg,0,1,0,0,1
R (20).jpg,0,1,0,1,0
R (3).jpg,0,1,1,0,0
R (42).jpg,0,1,1,1,0
Screenshot_20240121_195105_Google_jpg.rf.bae092e0979ba69907522cf1ae201d41.jpg,0,1,1,0,0
Screenshot_20240125_062451_YouTube_jpg.rf.ffa6d4868b3ab76fbfd1472946a43ec2.jpg,0,1,0,0,0
set2---143-_jpg.rf.e3c8413ef3334016b0cc2ca15a76dd55.jpg,0,1,1,0,0
set2---256-_jpg.rf.cffa3f4c0fc572fbfd7675d02a8df75a.jpg,0,1,1,0,0
set2---293-_jpg.rf.51f8184778efcf4d7369a0e20c81a931.jpg,0,1,1,1,0
set2---30-_jpg.rf.fc8d373d20fba5997ee498e598728134.jpg,0,1,0,0,0
shutterstock_2223729759_jpg.rf.15d340497bb97e2603bd2a4155437986.jpg,0,1,0,0,0
Thirteen ways to remove acne scars quickly in one day (1).jpg,0,1,0,1,0
Thirteen ways to remove acne scars quickly in one day.jpg,0,1,0,1,0
-1-_jpg.rf.2bd8af5504f723516886fcc977d4d0a1.jpg,0,0,1,0,0
01F3MMWFKMEV4ZTBMDTVCRNY93_jpeg_jpg.rf.2038b0620f1f2e767c3a3f285bfbf601.jpg,0,0,1,0,0
01F3MMX0Y73AE4AJRD3856H8QV_jpeg_jpg.rf.091b4ef28bd9ba168e83e70d7b353c3e.jpg,0,0,1,0,0
01F3MMX0Y73AE4AJRD3856H8QV_jpeg_jpg.rf.5a32c887b7dfd862a89efa057ce2b362.jpg,0,0,1,0,0
01F3MMXCBM9Y4W3GB8FVCD2W56_jpeg_jpg.rf.8c9c855dea4ba52297770320ffcb0bd0.jpg,0,0,1,0,0
0922Acne_vulgaris_HH.jpg,0,0,1,1,0
1107CFP_DCAcne_Index.jpg,0,0,1,1,0
13_231222_jpg.rf.791186487b3d2b76210429ae816bda7f.jpg,0,0,1,0,0
2 (13).jpg,0,0,1,0,0
2 (13)11.jpg,0,0,1,0,0
2 (7)1.jpg,0,0,1,0,0
205841.jpg,0,0,1,1,0
2058411.jpg,0,0,1,1,0
26_jpg.rf.3c478395195b1890002c49f16118c324.jpg,0,0,1,0,0
26_jpg.rf.839d89a7f871a2ec820267e748ac396b.jpg,0,0,1,0,0
3-_jpg.rf.18db285f0e66dd4ffcca65f768d30d04.jpg,0,0,1,0,0
3468-Nodular-acne-of-the-face-1296x728-slide2.jpg,0,0,1,0,0
3_n3_acne_nodulaire.jpg,0,0,1,1,0
4-_png.rf.f52fff6d7fa54f49c73a6024ccfacc78.jpg,0,0,1,0,0
4869DD4600000578-0-image-a-8_15165645277221.jpg,0,0,1,1,0
5-_jpg.rf.f8be395ba2132f651a3f7be6dd88c193.jpg,0,0,1,0,0
54.jpg,0,0,1,1,0
83avy6u56eh21.jpg,0,0,1,1,0
83avy6u56eh211 - Copy.jpg,0,0,1,1,0
83avy6u56eh211.jpg,0,0,1,1,0
Acne (112).jpg,0,0,1,0,0
Acne (170).jpg,0,0,1,0,0
Acne (65).jpg,0,0,1,1,0
acne-and-skin-problem-2023-11-27-04-52-59-utc-min_600x.jpg,0,0,1,1,0
acne-conglobata-1.png,0,0,1,0,0
acne-cystic-127.jpg,0,0,1,0,0
acne-cystic-28.jpg,0,0,1,0,0
Acne-Nodules-and-Cysts-Courtesy-of-Bethanee-Schlosser-MD-PhD.png,0,0,1,0,0
acnebefore.jpg,0,0,1,1,1
acneVulgaris_31938_lg.webp,0,0,1,1,0
acne_conglobata_--11-_jpg.rf.b30d553d8673648db8d6ce2cffb9a3f3.jpg,0,0,1,0,0
acne_conglobata_--16-_jpg.rf.c2d12f6c513c58f6787f83003319b741.jpg,0,0,1,0,0
acne_conglobata_--9-_jpg.rf.faae48acb5dc5cdab8348654eb99397b.jpg,0,0,1,0,0
AdobeStock_489641916_Resized.jpeg,0,0,1,0,0
Adult_acne (1).png,0,0,1,1,0
Adult_acne.png,0,0,1,1,0
backgrounds-lesions-skin-caused-by-260nw-2255950517.jpg,0,0,1,0,1
caaa (1).jpg,0,0,1,0,0
caaa (18).jpg,0,0,1,1,0
ccc (37).jpg,0,0,1,0,1
cdccscsc (46).jpg,0,0,1,0,1
cdscsdsc (85).jpg,0,0,1,1,0
csacac (45).jpg,0,0,1,0,0
csacac (58).jpg,0,0,1,1,1
cyst.png,0,0,1,0,0
cystic-acne-chin-350x350.webp,0,0,1,0,0
cystic_acne_--181-_jpg.rf.fa911eac0466ba10ca807a8015325803.jpg,0,0,1,0,0
cystic_acne_--91-_jpg.rf.20e155d9a0bb5241f23c334cdb9cda55.jpg,0,0,1,1,0
cysts_copy_large.png,0,0,1,0,0
F-DermatologyQuiz-107.jpg,0,0,1,1,0
hqdefault.jpg,0,0,1,0,0
images.jpeg,0,0,1,0,0
images130.jpg,0,0,1,1,1
images26.jpg,0,0,1,0,0
images33.jpg,0,0,1,1,1
images47.jpg,0,0,1,1,0
images59.jpg,0,0,1,0,0
images61.jpg,0,0,1,0,0
IMG_3147_JPG.rf.cc4009d1095435cde6e0aee2954401df.jpg,0,0,1,1,0
IMG_3184_JPG.rf.ef4532f94f4c5b8e4fed80111d81cc48.jpg,0,0,1,1,0
IYS8yKs.jpg,0,0,1,0,0
levle0_215_jpg.rf.e3e89de07d38ab1e670ed1e36fb94438.jpg,0,0,1,0,0
levle0_529_png_jpg.rf.fd1f39a67599509cc7a6aadae682b37a.jpg,0,0,1,0,0
levle1_189_png_jpg.rf.5d0ef407fc110f2e85c6eb7f15ed9224.jpg,0,0,1,0,0
levle1_190_jpg.rf.cc132efc6a42300cf080e4410827e086.jpg,0,0,1,0,0
levle1_190_png_jpg.rf.baffcd6e93b3798e50ae17f6492ab510.jpg,0,0,1,0,0
levle1_317_jpg.rf.e2673f48a038a16f4894441618743026.jpg,0,0,1,0,0
levle1_430_png_jpg.rf.892c8fcf77a58253318c90427554b38b.jpg,0,0,1,0,1
levle1_448_jpg.rf.861f3e57579255ff05fcd5fb4023e762.jpg,0,0,1,0,0
levle1_606_jpg.rf.235b5543acfd1e984adf0b60e9509e43.jpg,0,0,1,0,0
levle1_606_jpg.rf.e1c1075cf63881e8f1ad388e81a85d18.jpg,0,0,1,0,0
levle2_109_png_jpg.rf.ebad534238870681c3eb481401191f10.jpg,0,0,1,1,0
levle2_113_png_jpg.rf.ca569a3c91dc101e45ddd812bacbe867.jpg,0,0,1,1,0
levle2_114_jpg.rf.52827840dd5651a856d76329bb24f2b9.jpg,0,0,1,1,0
levle2_115_png_jpg.rf.05ceb22b75f9da623d7d716e5d94c426.jpg,0,0,1,0,0
levle2_121_png_jpg.rf.639800ecb0f79bd33afcb1417abc5c6a.jpg,0,0,1,1,0
levle2_179_jpg.rf.cef77975b9acfd3bd05956491dd591dc.jpg,0,0,1,0,0
levle2_180_jpg.rf.330c4347dd1c21ef2cd1b714a5014f6e.jpg,0,0,1,0,0
levle2_190_png_jpg.rf.5b1ed0508ae404ec5c518b6b35305faa.jpg,0,0,1,1,0
levle2_39_png_jpg.rf.27c4edc28e6d66fdbd23ad2a34a24f82.jpg,0,0,1,1,0
levle2_70_jpg.rf.d4597950a85c4a5c66580a79a85b6920.jpg,0,0,1,1,0
levle3_101_jpg.rf.55f5070e81f1020456b1efc34238a5d3.jpg,0,0,1,1,0
levle3_104_jpg.rf.fcf4a5166a356e4504f71457a2bca653.jpg,0,0,1,1,0
levle3_130_jpg.rf.ebec30a39f0b0840db9f71963bd6514a.jpg,0,0,1,0,0
levle3_133_png_jpg.rf.ad347f54864af045e80770e8128a8f15.jpg,0,0,1,0,0
nodular-acne (1).jpg,0,0,1,0,0
Nodular-Acne.jpg,0,0,1,1,0
Nodular_Acne_Face_Symptoms_Papules_Pustules_Cysts.png,0,0,1,1,0
Nodular_Acne_Face_Symptoms_Papules_Pustules_Cysts_result.png,0,0,1,1,1
pexels-anthony-shkraba-5881800.jpg,0,0,1,1,0
pigmentation_0_1083.jpeg,0,0,1,1,0
pigmentation_0_6919.jpeg,0,0,1,1,0
pustular_acne_--86-_jpg.rf.4bcfc5c5bedaafaa10d942397ab3e152.jpg,0,0,1,1,0
q (42).jpg,0,0,1,1,0
R (28).jpg,0,0,1,0,0
Screenshot_20240121_194956_Google_jpg.rf.a7b2fdae66e760b75254fd8cc0901987.jpg,0,0,1,0,0
set2---138-_jpg.rf.043dfd8e5633aacb783c5f1a6f7468e7.jpg,0,0,1,1,0
set2---181-_jpg.rf.b8d947c99f9b5a5dcc536c888cf5b4b6.jpg,0,0,1,1,0
set2---202-_jpg.rf.2be8f6f6f74cf7ee9a32dff36e78fce3.jpg,0,0,1,0,0
set2---247-_jpg.rf.e6c133e708ff1e26cd6f2e4c7c16d272.jpg,0,0,1,0,0
Untitled_design_24.png,0,0,1,1,0
xxx x (9).jpg,0,0,1,0,0
young-caucasian-woman-suffering-from-rosacea-on-her-face-in-the-acute-stage-dermatological.jpg,0,0,1,1,0
01F3MMWASQXMT2JDT81P87MS6M_jpeg_jpg.rf.2a683222ebf5b8b2af130d2924919527.jpg,0,0,0,1,0
047_acne_01_-_resized-min_1_480x480.jpg,0,0,0,1,0
07Acne081101.jpg,0,0,0,1,1
07Acne0811011 - Copy.jpg,0,0,0,1,1
07Acne0811011.jpg,0,0,0,1,1
0_19hJvhBaJyf8eJwT_.jpg,0,0,0,1,0
10.jpg,0,0,0,1,0
111.jpg,0,0,0,1,1
11118622-6820319-image-a-24_15528711043151.jpg,0,0,0,1,0
13.jpg,0,0,0,1,0
16.jpg,0,0,0,1,1
17.jpg,0,0,0,1,0
17a4d1a917e5faa9f2675ebd83e52679.jpg,0,0,0,1,0
17a4d1a917e5faa9f2675ebd83e526791 - Copy.jpg,0,0,0,1,0
17a4d1a917e5faa9f2675ebd83e526791.jpg,0,0,0,1,0
19280a95363d065b1dfbc654e2853029.jpg,0,0,0,1,0
19280a95363d065b1dfbc654e28530291 - Copy.jpg,0,0,0,1,0
19280a95363d065b1dfbc654e28530291.jpg,0,0,0,1,0
2 (12).jpeg,0,0,0,1,0
2 (12)1.jpeg,0,0,0,1,0
2 (12)11.jpeg,0,0,0,1,0
2 (2).jpg,0,0,0,1,0
2 (2)1.jpg,0,0,0,1,0
2 (3).jpeg,0,0,0,1,0
2 (3)1.jpeg,0,0,0,1,0
2 (4)1.jpg,0,0,0,1,0
2 (51).jpg,0,0,0,1,0
2 (52).jpg,0,0,0,1,0
2 (52)1 - Copy.jpg,0,0,0,1,0
2 (52)1.jpg,0,0,0,1,0
2 (7).jpeg,0,0,0,1,0
2 (8).jpeg,0,0,0,1,0
2 1(1)1 - Copy.jpg,0,0,0,1,1
2 1(1)1.jpg,0,0,0,1,1
2.png,0,0,0,1,0
20150721042601_primary.jpg,0,0,0,1,1
20150721042601_primary1 - Copy.jpg,0,0,0,1,1
20150721042601_primary1.jpg,0,0,0,1,1
20181225_191537.jpg.923b0605b45be754fbbed9051a9bea5e1 - Copy.jpg,0,0,0,1,0
20181225_191537.jpg.923b0605b45be754fbbed9051a9bea5e1.jpg,0,0,0,1,0
21.png,0,0,0,1,0
2327210.jpg,0,0,0,1,0
23272101.jpg,0,0,0,1,0
27.jpg,0,0,0,1,0
28.png,0,0,0,1,0
31.jpg,0,0,0,1,0
353492fd44963e8f0f4e7ea4697aed7e1.jpg,0,0,0,1,0
4.jpg,0,0,0,1,1
40_19hJvhBaJyf8eJwT_.jpg,0,0,0,1,0
4755A9F700000578-5179985-Desperate_attempts_to_rid_herself_of_the_unsightly_pimples_have_-a-55_1513271096522.jpg,0,0,0,1,1
4A5DA7F500000578-5522003-Amy_who_battled_her_erupting_skin_for_15_years_says_doctors_dism-a-26_1521541958104.jpg,0,0,0,1,0
4A5DA7F500000578-5522003-Amy_who_battled_her_erupting_skin_for_15_years_says_doctors_dism-a-26_15215419581041 - Copy.jpg,0,0,0,1,0
4A5DA7F500000578-5522003-Amy_who_battled_her_erupting_skin_for_15_years_says_doctors_dism-a-26_15215419581041.jpg,0,0,0,1,0
5.jpg,0,0,0,1,0
7.jpg,0,0,0,1,1
752kd5y464t01.jpg,0,0,0,1,0
752kd5y464t011 - Copy.jpg,0,0,0,1,0
752kd5y464t011.jpg,0,0,0,1,0
766x415_Accutane_Side_Effects.jpg,0,0,0,1,0
7b5781acbf8cf3ef59928bf1fd56df9eC!r23ac1983a0274adecccb505518971ace.jpg,0,0,0,1,0
7b5781acbf8cf3ef59928bf1fd56df9eC!r23ac1983a0274adecccb505518971ace1.jpg,0,0,0,1,0
a4adb9e50d8636f5ec9ce65269dd92f7.jpg,0,0,0,1,1
Acne (190).jpg,0,0,0,1,1
Acne (40).jpg,0,0,0,1,0
Acne (42).jpg,0,0,0,1,0
Acne-006-300x180.jpg,0,0,0,1,0
acne-1.jpg,0,0,0,1,0
Acne-Before4.png,0,0,0,1,1
Acne-Before41.png,0,0,0,1,1
acne-black-spots-and-scars-oily-on-face2.jpg,0,0,0,1,0
acne-breakout-GettyImages-11679106231 - Copy.jpg,0,0,0,1,0
acne-breakout-GettyImages-11679106231.jpg,0,0,0,1,0
acne-breakout-GettyImages-116791062311 - Copy.jpg,0,0,0,1,0
acne-cystic-21.jpg,0,0,0,1,1
acne-cystic-57.jpg,0,0,0,1,0
acne-face_f_500x250.jpg,0,0,0,1,0
acne-papules-pustules-pv-sized.jpg,0,0,0,1,1
acne-pustular-24.jpg,0,0,0,1,1
acne-pustular-25.jpg,0,0,0,1,1
acne-pustular-27.jpg,0,0,0,1,0
acne-pustular-29.jpg,0,0,0,1,0
acne-pustular-31.jpg,0,0,0,1,0
acne-pustular-37.jpg,0,0,0,1,0
acne-pustular-40.jpg,0,0,0,1,1
acne-pustular-42.jpg,0,0,0,1,1
acne-pustular-57.jpg,0,0,0,1,1
acne-pustular-7.jpg,0,0,0,1,1
acne-scar-2.jpg,0,0,0,1,0
acne-scar-3.jpg,0,0,0,1,0
acne-scar-4.jpg,0,0,0,1,0
acne-scar-rfmicroneedling-smoothbeam-vbeam-4500-18yo-caucasian-female-obliqueview2-after-6treatments-new-jersey.png,0,0,0,1,0
acne-treatment-1024x1024.png,0,0,0,1,0
acne-virginia.jpg,0,0,0,1,0
acne-vulgaris-and-black-spots-over-whole-face-of-asian-woman-acne-occurs-when-hair-follicles.jpg,0,0,0,1,0
acne-vulgaris-and-scars-over-whole-face-of-asian-woman-acne-occurs-when-hair-follicles-become.jpg,0,0,0,1,0
acne.jpeg,0,0,0,1,0
acne1.jpg,0,0,0,1,0
AcneHeader.jpg,0,0,0,1,0
acne_conglobata_--10-_jpg.rf.32724556f0c902cfceb06bdfbd959453.jpg,0,0,0,1,0
acne_conglobata_--109-_jpg.rf.781bc067c144ba652cf6b1bc02e59ec7.jpg,0,0,0,1,1
acne_conglobata_--58-_jpg.rf.7a570a352c65a38e28c5c93bc7d112da.jpg,0,0,0,1,0
acne_conglobata_--85-_jpg.rf.48971ac52491978025860601fe6c18cf.jpg,0,0,0,1,0
acne_conglobata_--92-_jpg.rf.24147a7da8f770e0fc177e4ffca2e346.jpg,0,0,0,1,1
acne_study.jpeg,0,0,0,1,0
acne_treatment1 - Copy.png,0,0,0,1,1
acne_treatment1.png,0,0,0,1,1
acne_vulgaris.png,0,0,0,1,1
atopic-dermatitis-ad-known-eczema-260nw-272087480.jpg,0,0,0,1,0
crystalline_acne_--229-_jpg.rf.b9bc0cf7902dc4f1df2eaeefb31184b1.jpg,0,0,0,1,0
crystalline_acne_--36-_jpg.rf.ec91c8a6178a1407467249e1b858fc9d.jpg,0,0,0,1,1
crystalline_acne_--64-_jpg.rf.da3fefedef5f9019223e9b32c57cb0ab.jpg,0,0,0,1,1
crystalline_acne_--67-_jpg.rf.682ee1bd5563dab8a687b8ed4f59d3ba.jpg,0,0,0,1,1
crystalline_acne_--96-_jpg.rf.ddea6100f1ef8c1ea171296e7f0b8153.jpg,0,0,0,1,0
cystic_acne_--10-_jpg.rf.a5b2857aa4114cb7f4136a2494d7dcbb.jpg,0,0,0,1,1
cystic_acne_--100-_jpg.rf.70bc5675ac48048c6cd582b03ad684f6.jpg,0,0,0,1,1
cystic_acne_--100-_jpg.rf.8d1e64bca2d0c27c78c765571ff276f2.jpg,0,0,0,1,1
cystic_acne_--175-_jpg.rf.de0e20b5fa21b622e68e5997d1b247b4.jpg,0,0,0,1,0
cystic_acne_--4-_jpg.rf.bd48eb5b4cd67c9a5f2683e121f7c1bd.jpg,0,0,0,1,0
depositphotos_157277572-stock-photo-young-girl-with-skin-problem.jpg,0,0,0,1,1
Difference-Between-Pustules-and-Papules.png,0,0,0,1,0
Everything-you-need-to-know-about-pustules_6.jpg,0,0,0,1,0
f12-01-9780323430401.jpg,0,0,0,1,1
facial-skin-problem-acne-disease-in-adult-close-up-woman-face-with-whitehead-pimples-oily.jpg,0,0,0,1,0
facial-skin-problem-acne-disease-in-adult-close-up-woman-face-with-whitehead-pimples-oily3.jpg,0,0,0,1,0
GJB1u5iW0AEcojI.jpg,0,0,0,1,1
How-to-identify-and-treat-nodular-acne_1024x1024.jpg,0,0,0,1,0
image11.jpeg,0,0,0,1,0
image16.jpeg,0,0,0,1,1
image18.jpeg,0,0,0,1,0
image22.jpeg,0,0,0,1,1
images23.jpg,0,0,0,1,1
images38.jpg,0,0,0,1,0
images42.jpg,0,0,0,1,0
images44.jpg,0,0,0,1,0
images46.jpg,0,0,0,1,1
images53.jpg,0,0,0,1,1
images60.jpg,0,0,0,1,0
images65.jpg,0,0,0,1,1
images82.jpg,0,0,0,1,0
images83.jpg,0,0,0,1,0
IMG_20190708_023210.jpg.7232dbb2bd7459bc1f8ae066423aa7a4 (1).jpg,0,0,0,1,1
IMG_20190708_023210.jpg.7232dbb2bd7459bc1f8ae066423aa7a4 (2).jpg,0,0,0,1,1
IMG_20190708_023210.jpg.7232dbb2bd7459bc1f8ae066423aa7a4.jpg,0,0,0,1,1
IMG_3130_JPG.rf.926ffe787acbdeedda2c3b758bb9a098.jpg,0,0,0,1,0
IMG_3141_JPG.rf.45160d63ecbdd4c2e1372cbaf1090036.jpg,0,0,0,1,0
IMG_3144_JPG.rf.c69b53116826e6d8186cbf6f7abe7253.jpg,0,0,0,1,0
IMG_3158_JPG.rf.0d5619da24464c17f5bd04da0d783a74.jpg,0,0,0,1,0
IMG_3171_JPG.rf.6351053a06b55112e4593515cff6e7f8.jpg,0,0,0,1,1
IMG_3174_JPG.rf.c5e0c5d3faef9f0024eee485f506df19.jpg,0,0,0,1,1
Inflammatory-Acne.jpg,0,0,0,1,1
Inflammatory-Acne.webp,0,0,0,1,1
intro-1650922526.jpg,0,0,0,1,0
intro-1659364134.jpg,0,0,0,1,0
ISS_20309_29682-copy-2-2048x1365.jpg,0,0,0,1,1
Know_the_different_types_of_pimples_treatment_for_it.png,0,0,0,1,0
Know_the_different_types_of_pimples_treatment_for_it_600x600_crop_center.png,0,0,0,1,0
large.IMG_3890.jpg.2720bb071697b81024bb71135ded7e76.jpg,0,0,0,1,0
levle0_203_png_jpg.rf.c16c88a2c3e321ec7a8c64efb67cb28a.jpg,0,0,0,1,0
levle0_20_jpg.rf.e22348ae79fc51c905b0a68040159307.jpg,0,0,0,1,0
levle0_51_jpg.rf.ad38df62c600a50c3ca7126f10b4d47a.jpg,0,0,0,1,0
levle0_54_jpg.rf.bf06211873502eaa03b72b9c51a24f45.jpg,0,0,0,1,0
levle0_59_png_jpg.rf.ea40086e86d8f102d502505a3ab615cb.jpg,0,0,0,1,0
levle0_67_jpg.rf.1bb3f37d61620cc322f2f7bea5821367.jpg,0,0,0,1,0
levle0_76_png_jpg.rf.3386df01d267b177c4b5aa01596b1f58.jpg,0,0,0,1,0
levle1_175_jpg.rf.254dfc8ada99c01e390e56f340403344.jpg,0,0,0,1,0
levle1_419_jpg.rf.0266c6d9cc93b0c28d80039fdcd6519e.jpg,0,0,0,1,0
levle1_421_jpg.rf.346c4adf1f5987e7ae45401f01d3ec2d.jpg,0,0,0,1,0
levle1_421_png_jpg.rf.07f5a55f8b5209aa91f64eb9dd2a6bf2.jpg,0,0,0,1,0
levle1_422_png_jpg.rf.9d797c49884a4ce91aad7094e052f61a.jpg,0,0,0,1,0
levle1_427_jpg.rf.0eead741af0424df58ec064611fcc1cb.jpg,0,0,0,1,0
levle1_435_jpg.rf.e9eef1e4754d8daa79162e44a40f22ad.jpg,0,0,0,1,0
levle1_540_jpg.rf.2141661000d6701e5317479fd8f6271e.jpg,0,0,0,1,0
levle1_540_jpg.rf.660232b1efd596b27134f398499de2ba.jpg,0,0,0,1,0
levle1_564_jpg.rf.25532a5e4c3791b1a04596e67efc145a.jpg,0,0,0,1,0
levle1_56_jpg.rf.6d12faef7b2b39810044f3a378e5fdac.jpg,0,0,0,1,0
levle1_57_jpg.rf.394016f4b2339d94e1c0fecf34ef75c0.jpg,0,0,0,1,0
levle1_57_png_jpg.rf.26a67d5c89f96d27ddb5c652d9c98b2c.jpg,0,0,0,1,0
levle1_64_jpg.rf.1516c1622f7d6eced07ff1e19c1dd723.jpg,0,0,0,1,0
levle1_64_jpg.rf.9c823b6d7073a06f80f7e696a46d20ac.jpg,0,0,0,1,0
levle1_72_png_jpg.rf.c21d5653c1b0fb1c0ab56109c5dcb294.jpg,0,0,0,1,0
levle1_7_jpg.rf.8f03df065c0f92a1835747a49554fffe.jpg,0,0,0,1,1
levle2_108_png_jpg.rf.6ac4812ff2b6d16dcb3dc2e06f37b5ce.jpg,0,0,0,1,0
levle2_155_jpg.rf.0a4c40f544e97879a9941d89c69308d0.jpg,0,0,0,1,1
levle3_129_jpg.rf.1bef652e75b4c798efcead4de8947310.jpg,0,0,0,1,1
MDRUMF_Authentically_Spotty-1-1068x1431.jpg,0,0,0,1,0
Node-Acne.jpg,0,0,0,1,0
Nodular-acne-and-cystic-acne-comparison-1.jpg,0,0,0,1,0
Nodular-Acne3.jpg,0,0,0,1,0
Nodular_acne_2_1_43460f49-56f6-4348-917b-209de7fa8274.jpg,0,0,0,1,0
OIP (11).jpg,0,0,0,1,1
OIP (12).jpg,0,0,0,1,1
OIP (16).jpg,0,0,0,1,0
OIP (19).jpg,0,0,0,1,0
papular_acne_--13-_jpg.rf.76e16cf6cd486598f0990e906d1192f6.jpg,0,0,0,1,1
papular_acne_--14-_jpg.rf.b073b7d3ae96d1db52b7d418efe21e3e.jpg,0,0,0,1,0
papular_acne_--37-_jpg.rf.8831d6ffd745c4edc6fb07bf3318e13b.jpg,0,0,0,1,1
papular_acne_--38-_jpg.rf.cb6b8d12028d5bc94736b4ed4d84eb72.jpg,0,0,0,1,1
papular_acne_--56-_jpg.rf.3f247863b7928694463216c1b200a324.jpg,0,0,0,1,0
papular_acne_--68-_jpg.rf.72b8d929fa684098495e3c925214fd9c.jpg,0,0,0,1,1
papular_acne_--8-_jpg.rf.c6961448815a51d4cafca4016f98d00c.jpg,0,0,0,1,1
papular_acne_--89-_jpg.rf.824bbcea271afae67bfa65cf20cdb478.jpg,0,0,0,1,1
papular_acne_--90-_jpg.rf.e4bb733860ce38e3607aa6a485745158.jpg,0,0,0,1,1
papular_acne_--91-_jpg.rf.db51f8a9d8842ce9359aa1844840bbb2.jpg,0,0,0,1,1
papular_acne_--97-_jpg.rf.b4192e9b995b575312a2146ab19754f8.jpg,0,0,0,1,1
papular_acne_--98-_jpg.rf.9b1adc5fcf803bd8f2f63cfe5a21192c.jpg,0,0,0,1,1
papulopustular-rosacea-closeup-patients-cheek-260nw-1812893338.jpg,0,0,0,1,0
pigmentation_0_5892.jpeg,0,0,0,1,0
pigmentation_0_5941.jpeg,0,0,0,1,0
pigmentation_0_5951.jpeg,0,0,0,1,0
pigmentation_0_5973.jpeg,0,0,0,1,1
pigmentation_0_5976.jpeg,0,0,0,1,1
pigmentation_0_6912.jpeg,0,0,0,1,0
pigmentation_0_6937.jpeg,0,0,0,1,0
pimples.jpg,0,0,0,1,1
pustular_acne_--50-_jpg.rf.f8007988520ca989a8337590e5de8661.jpg,0,0,0,1,1
R (1).jpg,0,0,0,1,0
R (10).jpg,0,0,0,1,0
R (11).jpg,0,0,0,1,0
R (16).jpg,0,0,0,1,0
R (17).jpg,0,0,0,1,0
R (23).jpg,0,0,0,1,0
R (25).jpg,0,0,0,1,0
R (3).png,0,0,0,1,0
R (30).jpg,0,0,0,1,0
R (31).jpg,0,0,0,1,0
R (32).jpg,0,0,0,1,0
R (38).jpg,0,0,0,1,0
R (39).jpg,0,0,0,1,0
R (4).jpg,0,0,0,1,0
R (4).png,0,0,0,1,0
R (40).jpg,0,0,0,1,0
R (41).jpg,0,0,0,1,0
R (9).jpg,0,0,0,1,0
R.jpg,0,0,0,1,0
reflections-blog-6-Types-of-Acne.jpg,0,0,0,1,0
rosacea-1.jpg,0,0,0,1,0
rosacea-17.jpg,0,0,0,1,0
rosacea-25.jpg,0,0,0,1,0
rosacea-32.jpg,0,0,0,1,0
Screen-Shot-2020-05-06-at-3.52.01-PM.png,0,0,0,1,0
scscscs (4).jpg,0,0,0,1,0
set2---271-_jpg.rf.31ebab5d6f565effe3e87c8aa08da952.jpg,0,0,0,1,1
Symptoms-Of-Nodular-Acne.jpg,0,0,0,1,1
vfvfvfvf (12).jpg,0,0,0,1,1
vfvfvfvf (37).jpg,0,0,0,1,0
vfvfvfvf (76).jpg,0,0,0,1,0
What-is-Cystic-Acne-and-Why-is-It-Caused (1).jpg,0,0,0,1,0
What-is-Cystic-Acne-and-Why-is-It-Caused.jpg,0,0,0,1,0
whatisacne.jpg,0,0,0,1,0
07AcnePittedScars.jpg,0,0,0,0,1
07AcnePittedScars1 - Copy.jpg,0,0,0,0,1
07AcnePittedScars1.jpg,0,0,0,0,1
133330802-squeezing-the-infected-pustules-acne-on-the-face-transformed.jpeg,0,0,0,0,1
133330821-squeezing-the-infected-pustules-acne-on-the-face.jpg,0,0,0,0,1
1rlnayp9x3n2111.png,0,0,0,0,1
2 (1)11.jpg,0,0,0,0,1
2 (12).jpg,0,0,0,0,1
2 (12)1.jpg,0,0,0,0,1
2 (4).jpg,0,0,0,0,1
2-_jpg.rf.18e5e26699dc329420f42707c99fd4f0.jpg,0,0,0,0,1
2-_png.rf.24d685adfc676dbe4f70a45c0574180a.jpg,0,0,0,0,1
2085.jpg,0,0,0,0,1
2397.jpg,0,0,0,0,1
32-1536x615.png,0,0,0,0,1
33-Blog_PustuleTreatment_Jul2018.jpg,0,0,0,0,1
35.jpg,0,0,0,0,1
360_F_289047796_wMoTPrIfokg7VNMfmTX5dMZgUOKVROiD.jpg,0,0,0,0,1
38_jpg.rf.09442c980cac5083b2609fc72462a86a.jpg,0,0,0,0,1
39.jpg,0,0,0,0,1
3_papules_types_of_acne_3274751.jpg,0,0,0,0,1
40257_2012_3060389_Fig11.jpg,0,0,0,0,1
40279_2013_22_Fig4_HTML.jpg,0,0,0,0,1
40279_2013_22_Fig4_HTML1.jpg,0,0,0,0,1
42.jpg,0,0,0,0,1
47.jpg,0,0,0,0,1
4_papules_types_of_acne_3273422_3271193.png,0,0,0,0,1
6.jpg,0,0,0,0,1
62-acne__ProtectWyJQcm90ZWN0Il0_FocusFillWzI5NCwyMjIsIngiLDFd.jpg,0,0,0,0,1
8.jpg,0,0,0,0,1
acne-cystic-12.jpg,0,0,0,0,1
acne-cystic-14.jpg,0,0,0,0,1
acne-cystic-16.jpg,0,0,0,0,1
acne-cystic-17.jpg,0,0,0,0,1
acne-cystic-19.jpg,0,0,0,0,1
acne-infantile-5.jpg,0,0,0,0,1
acne-open-comedo-4.jpg,0,0,0,0,1
acne-pustular-1.jpg,0,0,0,0,1
acne-pustular-12.jpg,0,0,0,0,1
acne-pustular-15.jpg,0,0,0,0,1
acne-pustular-16.jpg,0,0,0,0,1
acne-pustular-17.jpg,0,0,0,0,1
acne-pustular-18.jpg,0,0,0,0,1
acne-pustular-20.jpg,0,0,0,0,1
acne-pustular-23.jpg,0,0,0,0,1
acne-pustular-38.jpg,0,0,0,0,1
acne-pustular-4.jpg,0,0,0,0,1
acne-pustular-41.jpg,0,0,0,0,1
acne-pustular-43.jpg,0,0,0,0,1
acne-pustular-45.jpg,0,0,0,0,1
acne-pustular-47.jpg,0,0,0,0,1
acne-pustular-5.jpg,0,0,0,0,1
acne-pustular-53.jpg,0,0,0,0,1
acne-pustular-58.jpg,0,0,0,0,1
acne-pustular-60.jpg,0,0,0,0,1
acne-pustular-61.jpg,0,0,0,0,1
acne-pustular-63.jpg,0,0,0,0,1
acne-pustular-64.jpg,0,0,0,0,1
acne-pustular-66.jpg,0,0,0,0,1
acne-pustular-67.jpg,0,0,0,0,1
acne-pustular-68.jpg,0,0,0,0,1
acne-pustular-71.jpg,0,0,0,0,1
acne-pustular-72.jpg,0,0,0,0,1
acne-pustular-73.jpg,0,0,0,0,1
acne-pustular-74.jpg,0,0,0,0,1
acne-pustulesandpapules-796x1024.jpg,0,0,0,0,1
acne-scar-1.jpg,0,0,0,0,1
acne_vulgaris-146907.webp,0,0,0,0,1
backgrounds-lesions-skin-caused-by-260nw-1231864633.jpg,0,0,0,0,1
Case-1-Acute-inflammation-with-pustules-on-the-face.png,0,0,0,0,1
ccc (41).jpg,0,0,0,0,1
cdcdcdc (31).jpg,0,0,0,0,1
cropped-shot-of-woman-pointing-to-acne-occur-on-her-royalty-free-image-1671226766.jpg,0,0,0,0,1
crystalline_acne_--100-_jpg.rf.fdb854527f24bd3035b1b13df035f1f1.jpg,0,0,0,0,1
crystalline_acne_--69-_jpg.rf.9ad497990b8faba0527fd85f8b20d7e9.jpg,0,0,0,0,1
ct102005001_e_quiz2.png,0,0,0,0,1
cystic_acne_--167-_jpg.rf.4fd7f601c104d8923df3e2d4e6317998.jpg,0,0,0,0,1
cystic_acne_--167-_jpg.rf.bf028363457c9a78fffbc17470f6bd00.jpg,0,0,0,0,1
cystic_acne_--90-_jpg.rf.34b436e9594b0b19eddd1a49d2142513.jpg,0,0,0,0,1
dz9e2blm3gl41.jpg,0,0,0,0,1
Erythematous-papules-and-pustules-on-face-skin-thickening-and-accentuation-of-facial.jpg,0,0,0,0,1
Evidence-Based_af4b61c2-7be2-4336-b215-566307506133.jpg,0,0,0,0,1
Foliculitis_--129-_jpg.rf.8f6dfc9c2313bf920a3bdb5c49729edb.jpg,0,0,0,0,1
Foliculitis_--350-_jpg.rf.5a2f916acdc43fb679a4ec5851e13375.jpg,0,0,0,0,1
Foliculitis_--5-_jpg.rf.21a4c06d6c2bec440dbd680266b536a9.jpg,0,0,0,0,1
image15.jpeg,0,0,0,0,1
images29.jpg,0,0,0,0,1
images31.jpg,0,0,0,0,1
images70.jpg,0,0,0,0,1
images8.jpg,0,0,0,0,1
IMG_3126_JPG.rf.39c22fd9b38ceda047d666b9cadc5843.jpg,0,0,0,0,1
IMG_3127_JPG.rf.f56adaf5175c318b3998423c00b021a7.jpg,0,0,0,0,1
IMG_3128_JPG.rf.500b8cace34f64761cea124dbe62cc60.jpg,0,0,0,0,1
IMG_3132_JPG.rf.77ad9711960e60a4b2e4472efcc22402.jpg,0,0,0,0,1
IMG_3138_JPG.rf.40a782b36d3acfac470eb704d1b1386e.jpg,0,0,0,0,1
IMG_3152_JPG.rf.509dd0c7ac16be77e92ab2b901531579.jpg,0,0,0,0,1
IMG_3155_JPG.rf.214a0ef33cdffc60f50a6e975494773f.jpg,0,0,0,0,1
IMG_3156_JPG.rf.6ee10fe02c30705ed5436f8fe6e42dc0.jpg,0,0,0,0,1
IMG_3159_PNG.rf.306bc9d9c3d7eb0fbd614d15631eaaa5.jpg,0,0,0,0,1
IMG_3168_JPG.rf.2a1285dfe16e40e2cff2427917b58dae.jpg,0,0,0,0,1
IMG_3169_JPG.rf.881f859e9927a37101291fdce089fba9.jpg,0,0,0,0,1
IMG_3170_JPG.rf.17119f2069460c25a6d70986caf5f5a7.jpg,0,0,0,0,1
IMG_3172_JPG.rf.19fdbf2d80465bbf029636015ebf9337.jpg,0,0,0,0,1
IMG_3173_JPG.rf.0edf4b4bdcedd39c96ca58f348068012.jpg,0,0,0,0,1
IMG_3175_JPG.rf.4f60481a24b00f550f3fa3d1a46e3158.jpg,0,0,0,0,1
IMG_3176_JPG.rf.cf61a4e24e0695e8d3587bff94d24c1a.jpg,0,0,0,0,1
IMG_3180_JPG.rf.235c901754b522ecb24f62df4c7a92d4.jpg,0,0,0,0,1
IMG_3182_JPG.rf.bbea1402f580edf92e20ba9231957356.jpg,0,0,0,0,1
IMG_3186_JPG.rf.947462480ed74a17e1ea0c1c7feadd08.jpg,0,0,0,0,1
IMG_3187_JPG.rf.ec47c9b3d436a1c0f66489b376f03fb6.jpg,0,0,0,0,1
IMG_3189_JPG.rf.998ce12600c6418ca18a2caa042f251c.jpg,0,0,0,0,1
IMG_3191_JPG.rf.82d2d96f97ca81b1e556925e6e0ff56a.jpg,0,0,0,0,1
IMG_3192_JPG.rf.264ce2891f4c0396285fb39cb03b79dd.jpg,0,0,0,0,1
M1080127.jpg,0,0,0,0,1
maxresdefault.jpg,0,0,0,0,1
papular_acne_--48-_jpg.rf.3910507b88221e6e4f0cba26af5809e9.jpg,0,0,0,0,1
papular_acne_--92-_jpg.rf.dd3bb072079b7465ce8ef79e415ddc00.jpg,0,0,0,0,1
puf5i48xtj981.jpg,0,0,0,0,1
pustular_acne_--101-_jpg.rf.618b883890ad9e30c9ddd7be8a923dde.jpg,0,0,0,0,1
pustular_acne_--123-_jpg.rf.4f385719dbe3adc8235c963b9b4f85e5.jpg,0,0,0,0,1
pustular_acne_--15-_jpg.rf.f63ad985e1705b488dcfbc7c39c63d1b.jpg,0,0,0,0,1
pustular_acne_--308-_jpg.rf.38b775655b332e65b7427faf71dba413.jpg,0,0,0,0,1
pustular_acne_--31-_jpg.rf.dd7b65e861c5b5bb933a57f94c287b93.jpg,0,0,0,0,1
pustular_acne_--317-_jpg.rf.1b5fd9ab52739ec2a2fcf958adf4f8da.jpg,0,0,0,0,1
pustular_acne_--323-_jpg.rf.8135752007769965ae72d888dfd95319.jpg,0,0,0,0,1
pustular_acne_--338-_jpg.rf.67cf178ac3a98a7bb68e2fddc7007a40.jpg,0,0,0,0,1
pustular_acne_--339-_jpg.rf.9e347e45c01bc4c42b87404564c0f336.jpg,0,0,0,0,1
pustular_acne_--81-_jpg.rf.a0f6cf01373bf36572d8e5fb62b20645.jpg,0,0,0,0,1
pustular_acne_--83-_jpg.rf.e9d8b1674efac5d4cd293a418cabe1a1.jpg,0,0,0,0,1
pustule-acne.jpg,0,0,0,0,1
pustule-on-face.jpg,0,0,0,0,1
pustule.jpg,0,0,0,0,1
Pustules-on-face-in-the-area-covered-by-mask.png,0,0,0,0,1
Pustules_Acne_8_458x305_oct.webp,0,0,0,0,1
pustules_pimples_27f294491b.jpg,0,0,0,0,1
R (1).png,0,0,0,0,1
R (18).jpg,0,0,0,0,1
R (22).jpg,0,0,0,0,1
R (33).jpg,0,0,0,0,1
R (36).jpg,0,0,0,0,1
R (37).jpg,0,0,0,0,1
R (44).jpg,0,0,0,0,1
R (5).jpg,0,0,0,0,1
R (7).jpg,0,0,0,0,1
red-pimple-on-problem-skin-260nw-1851111151.jpg,0,0,0,0,1
rson-s-facial-skin-with-visible-redness-and-pustules-ai-generated-free-photo.jpg,0,0,0,0,1
rson-s-facial-skin-with-visible-redness-and-pustules-ai-generated-free-photo2.jpg,0,0,0,0,1
Screenshot_20240125_054638_TikTok_jpg.rf.8bcdae544b3540473df852745df9ee7c.jpg,0,0,0,0,1
Screenshot_20240125_055731_YouTube_jpg.rf.e054d5e82175bcfa881bf7f17a00390f - Copy.jpg,0,0,0,0,1
Screenshot_20240125_055731_YouTube_jpg.rf.e054d5e82175bcfa881bf7f17a00390f.jpg,0,0,0,0,1
set2---177-_jpg.rf.c4ac666d48dba65d5633fcc45bcbb110.jpg,0,0,0,0,1
set2---216-_jpg.rf.f2ea8518245a1e477f20ef4126357d8b.jpg,0,0,0,0,1
set2---246-_jpg.rf.df5a7a2aeabfb592e17bdbb472642464.jpg,0,0,0,0,1
set2---299-_jpg.rf.7e54a50102f0b8e72ce601956ecba2b9.jpg,0,0,0,0,1
shutterstock_1649904877_jpg.rf.5039e459449d67fed4a8e6217fdc062c.jpg,0,0,0,0,1
skin_lesion_pustule_high.jpg,0,0,0,0,1
sxsxsxsxsxs (334).jpg,0,0,0,0,1
S_0917_acne_M1080444.max-600x600.jpg,0,0,0,0,1
vdvdvdvdv (1 (14).jpg,0,0,0,0,1
vdvdvdvdv (1 (7).jpg,0,0,0,0,1
vfvfvfvf (13).jpg,0,0,0,0,1
vfvfvfvf (16).jpg,0,0,0,0,1
vfvfvfvf (19).jpg,0,0,0,0,1
vfvfvfvf (31).jpg,0,0,0,0,1
vfvfvfvf (45).jpg,0,0,0,0,1
vfvfvfvf (6).jpg,0,0,0,0,1
vfvfvfvf (70).jpg,0,0,0,0,1
vfvfvfvf (79).jpg,0,0,0,0,1
vfvfvfvf (8).jpg,0,0,0,0,1
vfvfvfvf (86).jpg,0,0,0,0,1
vfvfvfvf (9).jpg,0,0,0,0,1
vfvfvvfvfv (17).jpg,0,0,0,0,1
vfvfvvfvfv (21).jpg,0,0,0,0,1
vfvfvvfvfv (26).jpg,0,0,0,0,1
WhatsApp_Image_2021-11-05_at_10.38.14_AM_720x.jpg,0,0,0,0,1
-1-_jpg.rf.2bd8af5504f723516886fcc977d4d0a1_aug_0.jpg,0,0,1,0,0
-1-_jpg.rf.2bd8af5504f723516886fcc977d4d0a1_aug_1.jpg,0,0,1,0,0
-1-_jpg.rf.2bd8af5504f723516886fcc977d4d0a1_aug_2.jpg,0,0,1,0,0
01F3MMWFKMEV4ZTBMDTVCRNY93_jpeg_jpg.rf.2038b0620f1f2e767c3a3f285bfbf601_aug_0.jpg,0,0,1,0,0
01F3MMWFKMEV4ZTBMDTVCRNY93_jpeg_jpg.rf.2038b0620f1f2e767c3a3f285bfbf601_aug_1.jpg,0,0,1,0,0
01F3MMWFKMEV4ZTBMDTVCRNY93_jpeg_jpg.rf.2038b0620f1f2e767c3a3f285bfbf601_aug_2.jpg,0,0,1,0,0
01F3MMX0Y73AE4AJRD3856H8QV_jpeg_jpg.rf.091b4ef28bd9ba168e83e70d7b353c3e_aug_0.jpg,0,0,1,0,0
01F3MMX0Y73AE4AJRD3856H8QV_jpeg_jpg.rf.091b4ef28bd9ba168e83e70d7b353c3e_aug_1.jpg,0,0,1,0,0
01F3MMX0Y73AE4AJRD3856H8QV_jpeg_jpg.rf.091b4ef28bd9ba168e83e70d7b353c3e_aug_2.jpg,0,0,1,0,0
01F3MMX0Y73AE4AJRD3856H8QV_jpeg_jpg.rf.5a32c887b7dfd862a89efa057ce2b362_aug_0.jpg,0,0,1,0,0
01F3MMX0Y73AE4AJRD3856H8QV_jpeg_jpg.rf.5a32c887b7dfd862a89efa057ce2b362_aug_1.jpg,0,0,1,0,0
01F3MMX0Y73AE4AJRD3856H8QV_jpeg_jpg.rf.5a32c887b7dfd862a89efa057ce2b362_aug_2.jpg,0,0,1,0,0
01F3MMXCBM9Y4W3GB8FVCD2W56_jpeg_jpg.rf.8c9c855dea4ba52297770320ffcb0bd0_aug_0.jpg,0,0,1,0,0
01F3MMXCBM9Y4W3GB8FVCD2W56_jpeg_jpg.rf.8c9c855dea4ba52297770320ffcb0bd0_aug_1.jpg,0,0,1,0,0
01F3MMXCBM9Y4W3GB8FVCD2W56_jpeg_jpg.rf.8c9c855dea4ba52297770320ffcb0bd0_aug_2.jpg,0,0,1,0,0
13_231222_jpg.rf.791186487b3d2b76210429ae816bda7f_aug_0.jpg,0,0,1,0,0
13_231222_jpg.rf.791186487b3d2b76210429ae816bda7f_aug_1.jpg,0,0,1,0,0
13_231222_jpg.rf.791186487b3d2b76210429ae816bda7f_aug_2.jpg,0,0,1,0,0
2 (13)_aug_0.jpg,0,0,1,0,0
2 (13)_aug_1.jpg,0,0,1,0,0
2 (13)_aug_2.jpg,0,0,1,0,0
2 (13)11_aug_0.jpg,0,0,1,0,0
2 (13)11_aug_1.jpg,0,0,1,0,0
2 (13)11_aug_2.jpg,0,0,1,0,0
2 (7)1_aug_0.jpg,0,0,1,0,0
2 (7)1_aug_1.jpg,0,0,1,0,0
2 (7)1_aug_2.jpg,0,0,1,0,0
26_jpg.rf.3c478395195b1890002c49f16118c324_aug_0.jpg,0,0,1,0,0
26_jpg.rf.3c478395195b1890002c49f16118c324_aug_1.jpg,0,0,1,0,0
26_jpg.rf.3c478395195b1890002c49f16118c324_aug_2.jpg,0,0,1,0,0
26_jpg.rf.839d89a7f871a2ec820267e748ac396b_aug_0.jpg,0,0,1,0,0
26_jpg.rf.839d89a7f871a2ec820267e748ac396b_aug_1.jpg,0,0,1,0,0
26_jpg.rf.839d89a7f871a2ec820267e748ac396b_aug_2.jpg,0,0,1,0,0
3-_jpg.rf.18db285f0e66dd4ffcca65f768d30d04_aug_0.jpg,0,0,1,0,0
3-_jpg.rf.18db285f0e66dd4ffcca65f768d30d04_aug_1.jpg,0,0,1,0,0
3-_jpg.rf.18db285f0e66dd4ffcca65f768d30d04_aug_2.jpg,0,0,1,0,0
3468-Nodular-acne-of-the-face-1296x728-slide2_aug_0.jpg,0,0,1,0,0
3468-Nodular-acne-of-the-face-1296x728-slide2_aug_1.jpg,0,0,1,0,0
3468-Nodular-acne-of-the-face-1296x728-slide2_aug_2.jpg,0,0,1,0,0
4-_png.rf.f52fff6d7fa54f49c73a6024ccfacc78_aug_0.jpg,0,0,1,0,0
4-_png.rf.f52fff6d7fa54f49c73a6024ccfacc78_aug_1.jpg,0,0,1,0,0
4-_png.rf.f52fff6d7fa54f49c73a6024ccfacc78_aug_2.jpg,0,0,1,0,0
5-_jpg.rf.f8be395ba2132f651a3f7be6dd88c193_aug_0.jpg,0,0,1,0,0
5-_jpg.rf.f8be395ba2132f651a3f7be6dd88c193_aug_1.jpg,0,0,1,0,0
5-_jpg.rf.f8be395ba2132f651a3f7be6dd88c193_aug_2.jpg,0,0,1,0,0
Acne (112)_aug_0.jpg,0,0,1,0,0
Acne (112)_aug_1.jpg,0,0,1,0,0
Acne (112)_aug_2.jpg,0,0,1,0,0
Acne (170)_aug_0.jpg,0,0,1,0,0
Acne (170)_aug_1.jpg,0,0,1,0,0
Acne (170)_aug_2.jpg,0,0,1,0,0
acne-conglobata-1_aug_0.jpg,0,0,1,0,0
acne-conglobata-1_aug_1.jpg,0,0,1,0,0
acne-conglobata-1_aug_2.jpg,0,0,1,0,0
acne-cystic-127_aug_0.jpg,0,0,1,0,0
acne-cystic-127_aug_1.jpg,0,0,1,0,0
acne-cystic-127_aug_2.jpg,0,0,1,0,0
acne-cystic-28_aug_0.jpg,0,0,1,0,0
acne-cystic-28_aug_1.jpg,0,0,1,0,0
acne-cystic-28_aug_2.jpg,0,0,1,0,0
Acne-Nodules-and-Cysts-Courtesy-of-Bethanee-Schlosser-MD-PhD_aug_0.jpg,0,0,1,0,0
Acne-Nodules-and-Cysts-Courtesy-of-Bethanee-Schlosser-MD-PhD_aug_1.jpg,0,0,1,0,0
Acne-Nodules-and-Cysts-Courtesy-of-Bethanee-Schlosser-MD-PhD_aug_2.jpg,0,0,1,0,0
acne_conglobata_--11-_jpg.rf.b30d553d8673648db8d6ce2cffb9a3f3_aug_0.jpg,0,0,1,0,0
acne_conglobata_--11-_jpg.rf.b30d553d8673648db8d6ce2cffb9a3f3_aug_1.jpg,0,0,1,0,0
acne_conglobata_--11-_jpg.rf.b30d553d8673648db8d6ce2cffb9a3f3_aug_2.jpg,0,0,1,0,0
acne_conglobata_--16-_jpg.rf.c2d12f6c513c58f6787f83003319b741_aug_0.jpg,0,0,1,0,0
acne_conglobata_--16-_jpg.rf.c2d12f6c513c58f6787f83003319b741_aug_1.jpg,0,0,1,0,0
acne_conglobata_--16-_jpg.rf.c2d12f6c513c58f6787f83003319b741_aug_2.jpg,0,0,1,0,0
acne_conglobata_--9-_jpg.rf.faae48acb5dc5cdab8348654eb99397b_aug_0.jpg,0,0,1,0,0
acne_conglobata_--9-_jpg.rf.faae48acb5dc5cdab8348654eb99397b_aug_1.jpg,0,0,1,0,0
acne_conglobata_--9-_jpg.rf.faae48acb5dc5cdab8348654eb99397b_aug_2.jpg,0,0,1,0,0
AdobeStock_489641916_Resized_aug_0.jpg,0,0,1,0,0
AdobeStock_489641916_Resized_aug_1.jpg,0,0,1,0,0
AdobeStock_489641916_Resized_aug_2.jpg,0,0,1,0,0
caaa (1)_aug_0.jpg,0,0,1,0,0
caaa (1)_aug_1.jpg,0,0,1,0,0
caaa (1)_aug_2.jpg,0,0,1,0,0
csacac (45)_aug_0.jpg,0,0,1,0,0
csacac (45)_aug_1.jpg,0,0,1,0,0
csacac (45)_aug_2.jpg,0,0,1,0,0
cyst_aug_0.jpg,0,0,1,0,0
cyst_aug_1.jpg,0,0,1,0,0
cyst_aug_2.jpg,0,0,1,0,0
cystic-acne-chin-350x350_aug_0.jpg,0,0,1,0,0
cystic-acne-chin-350x350_aug_1.jpg,0,0,1,0,0
cystic-acne-chin-350x350_aug_2.jpg,0,0,1,0,0
cystic_acne_--181-_jpg.rf.fa911eac0466ba10ca807a8015325803_aug_0.jpg,0,0,1,0,0
cystic_acne_--181-_jpg.rf.fa911eac0466ba10ca807a8015325803_aug_1.jpg,0,0,1,0,0
cystic_acne_--181-_jpg.rf.fa911eac0466ba10ca807a8015325803_aug_2.jpg,0,0,1,0,0
cysts_copy_large_aug_0.jpg,0,0,1,0,0
cysts_copy_large_aug_1.jpg,0,0,1,0,0
cysts_copy_large_aug_2.jpg,0,0,1,0,0
hqdefault_aug_0.jpg,0,0,1,0,0
hqdefault_aug_1.jpg,0,0,1,0,0
hqdefault_aug_2.jpg,0,0,1,0,0
images_aug_0.jpg,0,0,1,0,0
images_aug_1.jpg,0,0,1,0,0
images_aug_2.jpg,0,0,1,0,0
images26_aug_0.jpg,0,0,1,0,0
images26_aug_1.jpg,0,0,1,0,0
images26_aug_2.jpg,0,0,1,0,0
images59_aug_0.jpg,0,0,1,0,0
images59_aug_1.jpg,0,0,1,0,0
images59_aug_2.jpg,0,0,1,0,0
images61_aug_0.jpg,0,0,1,0,0
images61_aug_1.jpg,0,0,1,0,0
images61_aug_2.jpg,0,0,1,0,0
IYS8yKs_aug_0.jpg,0,0,1,0,0
IYS8yKs_aug_1.jpg,0,0,1,0,0
IYS8yKs_aug_2.jpg,0,0,1,0,0
levle0_215_jpg.rf.e3e89de07d38ab1e670ed1e36fb94438_aug_0.jpg,0,0,1,0,0
levle0_215_jpg.rf.e3e89de07d38ab1e670ed1e36fb94438_aug_1.jpg,0,0,1,0,0
levle0_215_jpg.rf.e3e89de07d38ab1e670ed1e36fb94438_aug_2.jpg,0,0,1,0,0
levle0_529_png_jpg.rf.fd1f39a67599509cc7a6aadae682b37a_aug_0.jpg,0,0,1,0,0
levle0_529_png_jpg.rf.fd1f39a67599509cc7a6aadae682b37a_aug_1.jpg,0,0,1,0,0
levle0_529_png_jpg.rf.fd1f39a67599509cc7a6aadae682b37a_aug_2.jpg,0,0,1,0,0
levle1_189_png_jpg.rf.5d0ef407fc110f2e85c6eb7f15ed9224_aug_0.jpg,0,0,1,0,0
levle1_189_png_jpg.rf.5d0ef407fc110f2e85c6eb7f15ed9224_aug_1.jpg,0,0,1,0,0
levle1_189_png_jpg.rf.5d0ef407fc110f2e85c6eb7f15ed9224_aug_2.jpg,0,0,1,0,0
levle1_190_jpg.rf.cc132efc6a42300cf080e4410827e086_aug_0.jpg,0,0,1,0,0
levle1_190_jpg.rf.cc132efc6a42300cf080e4410827e086_aug_1.jpg,0,0,1,0,0
levle1_190_jpg.rf.cc132efc6a42300cf080e4410827e086_aug_2.jpg,0,0,1,0,0
levle1_190_png_jpg.rf.baffcd6e93b3798e50ae17f6492ab510_aug_0.jpg,0,0,1,0,0
levle1_190_png_jpg.rf.baffcd6e93b3798e50ae17f6492ab510_aug_1.jpg,0,0,1,0,0
levle1_190_png_jpg.rf.baffcd6e93b3798e50ae17f6492ab510_aug_2.jpg,0,0,1,0,0
levle1_317_jpg.rf.e2673f48a038a16f4894441618743026_aug_0.jpg,0,0,1,0,0
levle1_317_jpg.rf.e2673f48a038a16f4894441618743026_aug_1.jpg,0,0,1,0,0
levle1_317_jpg.rf.e2673f48a038a16f4894441618743026_aug_2.jpg,0,0,1,0,0
levle1_448_jpg.rf.861f3e57579255ff05fcd5fb4023e762_aug_0.jpg,0,0,1,0,0
levle1_448_jpg.rf.861f3e57579255ff05fcd5fb4023e762_aug_1.jpg,0,0,1,0,0
levle1_448_jpg.rf.861f3e57579255ff05fcd5fb4023e762_aug_2.jpg,0,0,1,0,0
levle1_606_jpg.rf.235b5543acfd1e984adf0b60e9509e43_aug_0.jpg,0,0,1,0,0
levle1_606_jpg.rf.235b5543acfd1e984adf0b60e9509e43_aug_1.jpg,0,0,1,0,0
levle1_606_jpg.rf.235b5543acfd1e984adf0b60e9509e43_aug_2.jpg,0,0,1,0,0
levle1_606_jpg.rf.e1c1075cf63881e8f1ad388e81a85d18_aug_0.jpg,0,0,1,0,0
levle1_606_jpg.rf.e1c1075cf63881e8f1ad388e81a85d18_aug_1.jpg,0,0,1,0,0
levle1_606_jpg.rf.e1c1075cf63881e8f1ad388e81a85d18_aug_2.jpg,0,0,1,0,0
levle2_115_png_jpg.rf.05ceb22b75f9da623d7d716e5d94c426_aug_0.jpg,0,0,1,0,0
levle2_115_png_jpg.rf.05ceb22b75f9da623d7d716e5d94c426_aug_1.jpg,0,0,1,0,0
levle2_115_png_jpg.rf.05ceb22b75f9da623d7d716e5d94c426_aug_2.jpg,0,0,1,0,0
levle2_179_jpg.rf.cef77975b9acfd3bd05956491dd591dc_aug_0.jpg,0,0,1,0,0
levle2_179_jpg.rf.cef77975b9acfd3bd05956491dd591dc_aug_1.jpg,0,0,1,0,0
levle2_179_jpg.rf.cef77975b9acfd3bd05956491dd591dc_aug_2.jpg,0,0,1,0,0
levle2_180_jpg.rf.330c4347dd1c21ef2cd1b714a5014f6e_aug_0.jpg,0,0,1,0,0
levle2_180_jpg.rf.330c4347dd1c21ef2cd1b714a5014f6e_aug_1.jpg,0,0,1,0,0
levle2_180_jpg.rf.330c4347dd1c21ef2cd1b714a5014f6e_aug_2.jpg,0,0,1,0,0
levle3_130_jpg.rf.ebec30a39f0b0840db9f71963bd6514a_aug_0.jpg,0,0,1,0,0
levle3_130_jpg.rf.ebec30a39f0b0840db9f71963bd6514a_aug_1.jpg,0,0,1,0,0
levle3_130_jpg.rf.ebec30a39f0b0840db9f71963bd6514a_aug_2.jpg,0,0,1,0,0
levle3_133_png_jpg.rf.ad347f54864af045e80770e8128a8f15_aug_0.jpg,0,0,1,0,0
levle3_133_png_jpg.rf.ad347f54864af045e80770e8128a8f15_aug_1.jpg,0,0,1,0,0
levle3_133_png_jpg.rf.ad347f54864af045e80770e8128a8f15_aug_2.jpg,0,0,1,0,0
nodular-acne (1)_aug_0.jpg,0,0,1,0,0
nodular-acne (1)_aug_1.jpg,0,0,1,0,0
nodular-acne (1)_aug_2.jpg,0,0,1,0,0
R (28)_aug_0.jpg,0,0,1,0,0
R (28)_aug_1.jpg,0,0,1,0,0
R (28)_aug_2.jpg,0,0,1,0,0
Screenshot_20240121_194956_Google_jpg.rf.a7b2fdae66e760b75254fd8cc0901987_aug_0.jpg,0,0,1,0,0
Screenshot_20240121_194956_Google_jpg.rf.a7b2fdae66e760b75254fd8cc0901987_aug_1.jpg,0,0,1,0,0
Screenshot_20240121_194956_Google_jpg.rf.a7b2fdae66e760b75254fd8cc0901987_aug_2.jpg,0,0,1,0,0
set2---202-_jpg.rf.2be8f6f6f74cf7ee9a32dff36e78fce3_aug_0.jpg,0,0,1,0,0
set2---202-_jpg.rf.2be8f6f6f74cf7ee9a32dff36e78fce3_aug_1.jpg,0,0,1,0,0
set2---202-_jpg.rf.2be8f6f6f74cf7ee9a32dff36e78fce3_aug_2.jpg,0,0,1,0,0
set2---247-_jpg.rf.e6c133e708ff1e26cd6f2e4c7c16d272_aug_0.jpg,0,0,1,0,0
set2---247-_jpg.rf.e6c133e708ff1e26cd6f2e4c7c16d272_aug_1.jpg,0,0,1,0,0
set2---247-_jpg.rf.e6c133e708ff1e26cd6f2e4c7c16d272_aug_2.jpg,0,0,1,0,0
xxx x (9)_aug_0.jpg,0,0,1,0,0
xxx x (9)_aug_1.jpg,0,0,1,0,0
xxx x (9)_aug_2.jpg,0,0,1,0,0
2 (5)_aug_0.jpg,0,1,0,0,0
2 (5)_aug_1.jpg,0,1,0,0,0
2 (5)_aug_2.jpg,0,1,0,0,0
2 (5)_aug_3.jpg,0,1,0,0,0
2 (5)1_aug_0.jpg,0,1,0,0,0
2 (5)1_aug_1.jpg,0,1,0,0,0
2 (5)1_aug_2.jpg,0,1,0,0,0
2 (5)1_aug_3.jpg,0,1,0,0,0
2 (6)_aug_0.jpg,0,1,0,0,0
2 (6)_aug_1.jpg,0,1,0,0,0
2 (6)_aug_2.jpg,0,1,0,0,0
2 (6)_aug_3.jpg,0,1,0,0,0
2 (6)1_aug_0.jpg,0,1,0,0,0
2 (6)1_aug_1.jpg,0,1,0,0,0
2 (6)1_aug_2.jpg,0,1,0,0,0
2 (6)1_aug_3.jpg,0,1,0,0,0
22_jpg.rf.684945b6131035df294f3abc63e884c9_aug_0.jpg,0,1,0,0,0
22_jpg.rf.684945b6131035df294f3abc63e884c9_aug_1.jpg,0,1,0,0,0
22_jpg.rf.684945b6131035df294f3abc63e884c9_aug_2.jpg,0,1,0,0,0
22_jpg.rf.684945b6131035df294f3abc63e884c9_aug_3.jpg,0,1,0,0,0
48_aug_0.jpg,0,1,0,0,0
48_aug_1.jpg,0,1,0,0,0
48_aug_2.jpg,0,1,0,0,0
48_aug_3.jpg,0,1,0,0,0
a-photograph-of-inflammatory-or-mixed-acne-in-a-male-subject-showing-ARCRX6-transformed_aug_0.jpg,0,1,0,0,0
a-photograph-of-inflammatory-or-mixed-acne-in-a-male-subject-showing-ARCRX6-transformed_aug_1.jpg,0,1,0,0,0
a-photograph-of-inflammatory-or-mixed-acne-in-a-male-subject-showing-ARCRX6-transformed_aug_2.jpg,0,1,0,0,0
a-photograph-of-inflammatory-or-mixed-acne-in-a-male-subject-showing-ARCRX6-transformed_aug_3.jpg,0,1,0,0,0
abscess-or-nodular-acne-in-face-of-asian-burmese-male-patient-2GMFAH6_aug_0.jpg,0,1,0,0,0
abscess-or-nodular-acne-in-face-of-asian-burmese-male-patient-2GMFAH6_aug_1.jpg,0,1,0,0,0
abscess-or-nodular-acne-in-face-of-asian-burmese-male-patient-2GMFAH6_aug_2.jpg,0,1,0,0,0
abscess-or-nodular-acne-in-face-of-asian-burmese-male-patient-2GMFAH6_aug_3.jpg,0,1,0,0,0
Acne (30)_aug_0.jpg,0,1,0,0,0
Acne (30)_aug_1.jpg,0,1,0,0,0
Acne (30)_aug_2.jpg,0,1,0,0,0
Acne (30)_aug_3.jpg,0,1,0,0,0
acne-conglobata-1_aug_0.jpg,0,1,0,0,0
acne-conglobata-1_aug_1.jpg,0,1,0,0,0
acne-conglobata-1_aug_2.jpg,0,1,0,0,0
acne-conglobata-1_aug_3.jpg,0,1,0,0,0
Acne-Conglobata_aug_0.jpg,0,1,0,0,0
Acne-Conglobata_aug_1.jpg,0,1,0,0,0
Acne-Conglobata_aug_2.jpg,0,1,0,0,0
Acne-Conglobata_aug_3.jpg,0,1,0,0,0
Acne-cyst-1-150x150_aug_0.jpg,0,1,0,0,0
Acne-cyst-1-150x150_aug_1.jpg,0,1,0,0,0
Acne-cyst-1-150x150_aug_2.jpg,0,1,0,0,0
Acne-cyst-1-150x150_aug_3.jpg,0,1,0,0,0
acne-cystic-145_aug_0.jpg,0,1,0,0,0
acne-cystic-145_aug_1.jpg,0,1,0,0,0
acne-cystic-145_aug_2.jpg,0,1,0,0,0
acne-cystic-145_aug_3.jpg,0,1,0,0,0
acne-cystic-29_aug_0.jpg,0,1,0,0,0
acne-cystic-29_aug_1.jpg,0,1,0,0,0
acne-cystic-29_aug_2.jpg,0,1,0,0,0
acne-cystic-29_aug_3.jpg,0,1,0,0,0
acne-cystic-31_aug_0.jpg,0,1,0,0,0
acne-cystic-31_aug_1.jpg,0,1,0,0,0
acne-cystic-31_aug_2.jpg,0,1,0,0,0
acne-cystic-31_aug_3.jpg,0,1,0,0,0
acne-cystic-42_aug_0.jpg,0,1,0,0,0
acne-cystic-42_aug_1.jpg,0,1,0,0,0
acne-cystic-42_aug_2.jpg,0,1,0,0,0
acne-cystic-42_aug_3.jpg,0,1,0,0,0
acne-cystic-93_aug_0.jpg,0,1,0,0,0
acne-cystic-93_aug_1.jpg,0,1,0,0,0
acne-cystic-93_aug_2.jpg,0,1,0,0,0
acne-cystic-93_aug_3.jpg,0,1,0,0,0
acne-pustular-28_aug_0.jpg,0,1,0,0,0
acne-pustular-28_aug_1.jpg,0,1,0,0,0
acne-pustular-28_aug_2.jpg,0,1,0,0,0
acne-pustular-28_aug_3.jpg,0,1,0,0,0
acne-vulgaris-conglobata_jpg.rf.72acc8011bde081ea4bdda060551bddf_aug_0.jpg,0,1,0,0,0
acne-vulgaris-conglobata_jpg.rf.72acc8011bde081ea4bdda060551bddf_aug_1.jpg,0,1,0,0,0
acne-vulgaris-conglobata_jpg.rf.72acc8011bde081ea4bdda060551bddf_aug_2.jpg,0,1,0,0,0
acne-vulgaris-conglobata_jpg.rf.72acc8011bde081ea4bdda060551bddf_aug_3.jpg,0,1,0,0,0
acne_conglobata_--102-_jpg.rf.60cb9d2aab486cfd0db44eee43beefa7_aug_0.jpg,0,1,0,0,0
acne_conglobata_--102-_jpg.rf.60cb9d2aab486cfd0db44eee43beefa7_aug_1.jpg,0,1,0,0,0
acne_conglobata_--102-_jpg.rf.60cb9d2aab486cfd0db44eee43beefa7_aug_2.jpg,0,1,0,0,0
acne_conglobata_--102-_jpg.rf.60cb9d2aab486cfd0db44eee43beefa7_aug_3.jpg,0,1,0,0,0
acne_conglobata_--106-_jpg.rf.77dad07a5a665a6e97d615607cbe57e1_aug_0.jpg,0,1,0,0,0
acne_conglobata_--106-_jpg.rf.77dad07a5a665a6e97d615607cbe57e1_aug_1.jpg,0,1,0,0,0
acne_conglobata_--106-_jpg.rf.77dad07a5a665a6e97d615607cbe57e1_aug_2.jpg,0,1,0,0,0
acne_conglobata_--106-_jpg.rf.77dad07a5a665a6e97d615607cbe57e1_aug_3.jpg,0,1,0,0,0
acne_conglobata_--165-_jpg.rf.8231db29caa3843d9d2d2d0fbf17866d_aug_0.jpg,0,1,0,0,0
acne_conglobata_--165-_jpg.rf.8231db29caa3843d9d2d2d0fbf17866d_aug_1.jpg,0,1,0,0,0
acne_conglobata_--165-_jpg.rf.8231db29caa3843d9d2d2d0fbf17866d_aug_2.jpg,0,1,0,0,0
acne_conglobata_--165-_jpg.rf.8231db29caa3843d9d2d2d0fbf17866d_aug_3.jpg,0,1,0,0,0
acne_conglobata_--256-_jpg.rf.17f6e278aba07d9cda4a4fdc911a5d4a_aug_0.jpg,0,1,0,0,0
acne_conglobata_--256-_jpg.rf.17f6e278aba07d9cda4a4fdc911a5d4a_aug_1.jpg,0,1,0,0,0
acne_conglobata_--256-_jpg.rf.17f6e278aba07d9cda4a4fdc911a5d4a_aug_2.jpg,0,1,0,0,0
acne_conglobata_--256-_jpg.rf.17f6e278aba07d9cda4a4fdc911a5d4a_aug_3.jpg,0,1,0,0,0
acne_treatment_kaliterna1 - Copy_aug_0.jpg,0,1,0,0,0
acne_treatment_kaliterna1 - Copy_aug_1.jpg,0,1,0,0,0
acne_treatment_kaliterna1 - Copy_aug_2.jpg,0,1,0,0,0
acne_treatment_kaliterna1 - Copy_aug_3.jpg,0,1,0,0,0
acne_treatment_kaliterna1_aug_0.jpg,0,1,0,0,0
acne_treatment_kaliterna1_aug_1.jpg,0,1,0,0,0
acne_treatment_kaliterna1_aug_2.jpg,0,1,0,0,0
acne_treatment_kaliterna1_aug_3.jpg,0,1,0,0,0
acne_treatment_kaliterna11 - Copy_aug_0.jpg,0,1,0,0,0
acne_treatment_kaliterna11 - Copy_aug_1.jpg,0,1,0,0,0
acne_treatment_kaliterna11 - Copy_aug_2.jpg,0,1,0,0,0
acne_treatment_kaliterna11 - Copy_aug_3.jpg,0,1,0,0,0
acne_treatment_kaliterna11_aug_0.jpg,0,1,0,0,0
acne_treatment_kaliterna11_aug_1.jpg,0,1,0,0,0
acne_treatment_kaliterna11_aug_2.jpg,0,1,0,0,0
acne_treatment_kaliterna11_aug_3.jpg,0,1,0,0,0
carbuncle-nodular-acne-face-carbuncle-nodular-acne-face-asian-burmese-male-patient-261587464_aug_0.jpg,0,1,0,0,0
carbuncle-nodular-acne-face-carbuncle-nodular-acne-face-asian-burmese-male-patient-261587464_aug_1.jpg,0,1,0,0,0
carbuncle-nodular-acne-face-carbuncle-nodular-acne-face-asian-burmese-male-patient-261587464_aug_2.jpg,0,1,0,0,0
carbuncle-nodular-acne-face-carbuncle-nodular-acne-face-asian-burmese-male-patient-261587464_aug_3.jpg,0,1,0,0,0
close-photo-nodular-cystic-acne-260nw-373412347_aug_0.jpg,0,1,0,0,0
close-photo-nodular-cystic-acne-260nw-373412347_aug_1.jpg,0,1,0,0,0
close-photo-nodular-cystic-acne-260nw-373412347_aug_2.jpg,0,1,0,0,0
close-photo-nodular-cystic-acne-260nw-373412347_aug_3.jpg,0,1,0,0,0
crystalline_acne_--6-_jpg.rf.e0a5509334a3e8f6c4a46790a07df1e5_aug_0.jpg,0,1,0,0,0
crystalline_acne_--6-_jpg.rf.e0a5509334a3e8f6c4a46790a07df1e5_aug_1.jpg,0,1,0,0,0
crystalline_acne_--6-_jpg.rf.e0a5509334a3e8f6c4a46790a07df1e5_aug_2.jpg,0,1,0,0,0
crystalline_acne_--6-_jpg.rf.e0a5509334a3e8f6c4a46790a07df1e5_aug_3.jpg,0,1,0,0,0
cystic-acne-nodular-acne-1_aug_0.jpg,0,1,0,0,0
cystic-acne-nodular-acne-1_aug_1.jpg,0,1,0,0,0
cystic-acne-nodular-acne-1_aug_2.jpg,0,1,0,0,0
cystic-acne-nodular-acne-1_aug_3.jpg,0,1,0,0,0
cystic-acne-treatment-facial-skin-problem-acne-disease-in-adult-close-up-woman-face-with_aug_0.jpg,0,1,0,0,0
cystic-acne-treatment-facial-skin-problem-acne-disease-in-adult-close-up-woman-face-with_aug_1.jpg,0,1,0,0,0
cystic-acne-treatment-facial-skin-problem-acne-disease-in-adult-close-up-woman-face-with_aug_2.jpg,0,1,0,0,0
cystic-acne-treatment-facial-skin-problem-acne-disease-in-adult-close-up-woman-face-with_aug_3.jpg,0,1,0,0,0
cystic_acne_--136-_jpg.rf.9fc2020579aa71686d5e628b37b75aa6_aug_0.jpg,0,1,0,0,0
cystic_acne_--136-_jpg.rf.9fc2020579aa71686d5e628b37b75aa6_aug_1.jpg,0,1,0,0,0
cystic_acne_--136-_jpg.rf.9fc2020579aa71686d5e628b37b75aa6_aug_2.jpg,0,1,0,0,0
cystic_acne_--136-_jpg.rf.9fc2020579aa71686d5e628b37b75aa6_aug_3.jpg,0,1,0,0,0
cystic_acne_--168-_jpg.rf.55e6405de29f049ecdb7a31d9d6bec0d_aug_0.jpg,0,1,0,0,0
cystic_acne_--168-_jpg.rf.55e6405de29f049ecdb7a31d9d6bec0d_aug_1.jpg,0,1,0,0,0
cystic_acne_--168-_jpg.rf.55e6405de29f049ecdb7a31d9d6bec0d_aug_2.jpg,0,1,0,0,0
cystic_acne_--168-_jpg.rf.55e6405de29f049ecdb7a31d9d6bec0d_aug_3.jpg,0,1,0,0,0
cystic_acne_--168-_jpg.rf.66d5d9624216324fff1278283aeef5de_aug_0.jpg,0,1,0,0,0
cystic_acne_--168-_jpg.rf.66d5d9624216324fff1278283aeef5de_aug_1.jpg,0,1,0,0,0
cystic_acne_--168-_jpg.rf.66d5d9624216324fff1278283aeef5de_aug_2.jpg,0,1,0,0,0
cystic_acne_--168-_jpg.rf.66d5d9624216324fff1278283aeef5de_aug_3.jpg,0,1,0,0,0
cystic_acne_--25-_jpg.rf.5fdd7ee0cfeac7a89ba0c92031950a91_aug_0.jpg,0,1,0,0,0
cystic_acne_--25-_jpg.rf.5fdd7ee0cfeac7a89ba0c92031950a91_aug_1.jpg,0,1,0,0,0
cystic_acne_--25-_jpg.rf.5fdd7ee0cfeac7a89ba0c92031950a91_aug_2.jpg,0,1,0,0,0
cystic_acne_--25-_jpg.rf.5fdd7ee0cfeac7a89ba0c92031950a91_aug_3.jpg,0,1,0,0,0
cystic_acne_--43-_jpg.rf.1ebd63cfa0634d1f13243713d0979004_aug_0.jpg,0,1,0,0,0
cystic_acne_--43-_jpg.rf.1ebd63cfa0634d1f13243713d0979004_aug_1.jpg,0,1,0,0,0
cystic_acne_--43-_jpg.rf.1ebd63cfa0634d1f13243713d0979004_aug_2.jpg,0,1,0,0,0
cystic_acne_--43-_jpg.rf.1ebd63cfa0634d1f13243713d0979004_aug_3.jpg,0,1,0,0,0
cystic_acne_--43-_jpg.rf.fcb17a03f91262ff9c123449d1bc4f52_aug_0.jpg,0,1,0,0,0
cystic_acne_--43-_jpg.rf.fcb17a03f91262ff9c123449d1bc4f52_aug_1.jpg,0,1,0,0,0
cystic_acne_--43-_jpg.rf.fcb17a03f91262ff9c123449d1bc4f52_aug_2.jpg,0,1,0,0,0
cystic_acne_--43-_jpg.rf.fcb17a03f91262ff9c123449d1bc4f52_aug_3.jpg,0,1,0,0,0
Evidence-Based_134bf7a7-4f0e-4c73-b406-3b7dd4d795ce_1024x400_aug_0.jpg,0,1,0,0,0
Evidence-Based_134bf7a7-4f0e-4c73-b406-3b7dd4d795ce_1024x400_aug_1.jpg,0,1,0,0,0
Evidence-Based_134bf7a7-4f0e-4c73-b406-3b7dd4d795ce_1024x400_aug_2.jpg,0,1,0,0,0
Evidence-Based_134bf7a7-4f0e-4c73-b406-3b7dd4d795ce_1024x400_aug_3.jpg,0,1,0,0,0
fig1_aug_0.jpg,0,1,0,0,0
fig1_aug_1.jpg,0,1,0,0,0
fig1_aug_2.jpg,0,1,0,0,0
fig1_aug_3.jpg,0,1,0,0,0
Foliculitis_--356-_jpg.rf.667448581f05fc18027af8ed74ef5f58_aug_0.jpg,0,1,0,0,0
Foliculitis_--356-_jpg.rf.667448581f05fc18027af8ed74ef5f58_aug_1.jpg,0,1,0,0,0
Foliculitis_--356-_jpg.rf.667448581f05fc18027af8ed74ef5f58_aug_2.jpg,0,1,0,0,0
Foliculitis_--356-_jpg.rf.667448581f05fc18027af8ed74ef5f58_aug_3.jpg,0,1,0,0,0
images (1)_aug_0.jpg,0,1,0,0,0
images (1)_aug_1.jpg,0,1,0,0,0
images (1)_aug_2.jpg,0,1,0,0,0
images (1)_aug_3.jpg,0,1,0,0,0
images69_aug_0.jpg,0,1,0,0,0
images69_aug_1.jpg,0,1,0,0,0
images69_aug_2.jpg,0,1,0,0,0
images69_aug_3.jpg,0,1,0,0,0
Screenshot_20240125_062451_YouTube_jpg.rf.ffa6d4868b3ab76fbfd1472946a43ec2_aug_0.jpg,0,1,0,0,0
Screenshot_20240125_062451_YouTube_jpg.rf.ffa6d4868b3ab76fbfd1472946a43ec2_aug_1.jpg,0,1,0,0,0
Screenshot_20240125_062451_YouTube_jpg.rf.ffa6d4868b3ab76fbfd1472946a43ec2_aug_2.jpg,0,1,0,0,0
Screenshot_20240125_062451_YouTube_jpg.rf.ffa6d4868b3ab76fbfd1472946a43ec2_aug_3.jpg,0,1,0,0,0
set2---30-_jpg.rf.fc8d373d20fba5997ee498e598728134_aug_0.jpg,0,1,0,0,0
set2---30-_jpg.rf.fc8d373d20fba5997ee498e598728134_aug_1.jpg,0,1,0,0,0
set2---30-_jpg.rf.fc8d373d20fba5997ee498e598728134_aug_2.jpg,0,1,0,0,0
set2---30-_jpg.rf.fc8d373d20fba5997ee498e598728134_aug_3.jpg,0,1,0,0,0
shutterstock_2223729759_jpg.rf.15d340497bb97e2603bd2a4155437986_aug_0.jpg,0,1,0,0,0
shutterstock_2223729759_jpg.rf.15d340497bb97e2603bd2a4155437986_aug_1.jpg,0,1,0,0,0
shutterstock_2223729759_jpg.rf.15d340497bb97e2603bd2a4155437986_aug_2.jpg,0,1,0,0,0
shutterstock_2223729759_jpg.rf.15d340497bb97e2603bd2a4155437986_aug_3.jpg,0,1,0,0,0
